:020000040800F2
:10000000785D002039030008E1660008716100088E
:10001000A966000821210008697700080000000097
:10002000000000000000000000000000C1670008A0
:10003000592A0008000000005167000849680008BC
:100040005303000853030008530300085303000838
:100050005303000853030008530300085303000828
:100060005303000853030008530300085303000818
:100070005303000853030008530300085303000808
:1000800053030008530300085303000853030008F8
:100090008125000891250008530300085303000838
:1000A00053030008530300085303000853030008D8
:1000B00053030008530300085303000853030008C8
:1000C00053030008530300085303000853030008B8
:1000D00053030008530300085303000853030008A8
:1000E0005303000853030008530300085303000898
:1000F0005303000853030008530300085303000888
:100100005303000853030008530300085303000877
:100110005303000853030008530300085303000867
:1001200053030008B12800085303000853030008D4
:100130005303000853030008530300085303000847
:10014000A1250008B1250008530300085303000847
:10015000530300085303000853030008D576000832
:100160005303000853030008530300085303000817
:100170005303000853030008530300080000000065
:1001800053030008530300085303000853030008F7
:1001900053030008530300085303000853030008E7
:1001A00000000000000000005303000800F002F807
:1001B00000F0B2F814A696E8000CB244B344DA4555
:1001C00001D100F0A9F8BAE80F000FA696E83000B8
:1001D000A5EB040504EB0607AAEB0704A7F101074A
:1001E0004FEA15154FEA3414A4F10104AC4201D3CF
:1001F00000F092F813F0010F18BFFB1A43F001034F
:1002000000F001F8DBE7184798AE0000B8AE000038
:10021000103A24BF78C878C1FAD8520724BF30C832
:1002200030C144BF04680C60704700007047000094
:100230000023002400250026103A28BF78C1FBD8EF
:10024000520728BF30C148BF0B6070476E2900F0CD
:100250001183702900F0478466290AF09385652987
:100260000AF0908567290AF08D8561290AF08C854E
:1002700003681B0A28BF41F08001692900F0BE8293
:10028000642900F0BB82752900F0B8826F2900F064
:10029000D583782900F01384E92900F06F83E429DD
:1002A00000F06C83F52900F06983EF2900F0D28318
:1002B000F82900F012840368DB0928BF41F08001AF
:1002C000632901F07F81732901F08481E32901F022
:1002D0008F81F32901F09481002070471FB50AF047
:1002E00044FD9DE8030000F0BFF901F087FA040027
:1002F000002000210AF0ACFC401C606000200021BE
:100300000AF090FCE06001F083F900F07BF91FBD7A
:1003100010B501F0E6F910BD01F042FA1146FFF701
:10032000DDFF07F0C3FF01F0D1FC03B4FFF7F0FFDE
:1003300003BC07F083FF00000948804709480047D5
:10034000FEE7FEE7FEE7FEE7FEE7FEE7FEE7FEE785
:10035000FEE7FEE704480549054A064B70470000E2
:100360002D690008AD01000878450020785D002067
:10037000785500207855002070B5064600F058F9F1
:10038000056806F10B0020F00704B4429CBF002072
:1003900070BD2B466A68BAB11068A04210D304F150
:1003A000080188423CBF5068586007D35168101953
:1003B00041601168091B016058601460101D70BD18
:1003C00013465268002AE7D12146284600F038F942
:1003D0000028DED170BD53EA020C00F069802DE9DF
:1003E000F04B4FF00006002B1FBFB3FA83F503FA62
:1003F00005F424FA05F65E4012BF1643B2FA82F500
:1004000002FA05F4C5F120051EBF22FA05FC44EAF4
:100410000C04203556EA044C4FEA144418BF641CFF
:100420004FF000084FF00009904271EB030C39D3F4
:10043000002919BFB1FA81F701FA07F6B0FA80F77F
:1004400000FA07F6C7F120071EBF20FA07FC46EAAC
:100450000C062037B6FBF4FCA7EB0507103F07F0AE
:100460001F0BCBF120062CFA06F60CFA0BFB44BF4F
:10047000B3460026202FA4BF5E464FF0000B5BEA78
:10048000060C08BF4FF0010B19EB0B0948EB0608EF
:10049000ABFB027C06FB02CC0BFB03CCC01B71EB5D
:1004A0000C01C1E70B46024641464846BDE8F08BC9
:1004B00013B5084318BF4FF0FF300146AFF300807B
:1004C000BDE81C40704700000FB4044910B503AAF2
:1004D000029800F0E3F910BC5DF814FB84000020E2
:1004E000032A40F2308010F0030C00F0158011F860
:1004F000013BBCF1020F624498BF11F801CB00F838
:10050000013B38BF11F8013BA2F1040298BF00F88B
:1005100001CB38BF00F8013B11F0030300F0B283B8
:10052000083AC0F0088051F8043B083A51F804CB6F
:10053000A0E80810F5E7121D5CBF51F8043B40F835
:10054000043BAFF30080D20724BF11F8013B11F840
:1005500001CB48BF11F8012B24BF00F8013B00F884
:1005600001CB48BF00F8012B70474FF0000204296F
:10057000C0F0128010F0030C00F01B80CCF1040CD2
:10058000BCF1020F18BF00F8012BA8BF20F8022B06
:10059000A1EB0C0100F00DB85FEAC17C24BF00F8AC
:1005A000012B00F8012B48BF00F8012B70474FF0DA
:1005B000000200B5134694469646203922BFA0E8B3
:1005C0000C50A0E80C50B1F12001BFF4F7AF0907BF
:1005D00028BFA0E80C5048BF0CC05DF804EB8900B0
:1005E00028BF40F8042B08BF704748BF20F8022BF3
:1005F00011F0804F18BF00F8012B7047704770470B
:100600007047000008487CB578440090074878445B
:10061000009C0546019004E020460168084480479C
:10062000241DAC42F8D17CBDE0AB0000DEAB000085
:10063000004870473401002070477047704770478A
:1006400038B504460A4600206946AFF3008000280A
:1006500008BF38BD02460099204600F04DFB01203E
:1006600038BD012001F094B8F8B5AFF3008005461D
:1006700000200C460C2000BF0646A819A0420DD948
:10068000324669460020AFF30080070008BF01F042
:100690007FF80098A04218BF0546C419FFF7C8FFAD
:1006A00005600746F01D20F007004619284600F0B7
:1006B0000AF8B44208BFF8BDA21B31463868BDE84D
:1006C000F84000F019BB00210160416070470C2028
:1006D000704770B50446051FFFF7AAFF0068002C9D
:1006E00014BF446870BD002C18BFAC423CBF20460C
:1006F0006468F8D301680A18AA4218BF456003D19C
:100700002A6805461144016028684119A1421CBFAE
:100710006C6070BD6168696021680844286070BDC4
:1007200010B500F0E5FA006810BD10B5044600F001
:10073000DFFA046010BD70B5044685690068C10623
:1007400001D5302600E02026C00707D070BDD4E9CF
:10075000012130469047206A401C20626D1EF6D56C
:1007600070BD70B5044685690078C00707D170BDBB
:10077000D4E9012120209047206A401C20626D1E90
:10078000F6D570BD09684A0501D540B27047C90564
:10079000FCD500B2704709684A0501D5C0B2704760
:1007A000C905FCD580B2704770B50C460546012AD4
:1007B00005D02878800600D5EA69002302E00123ED
:1007C00005E05B1C934202D2E05C0028F9D1A869E5
:1007D000E618C01AA861286A184428622846FFF75C
:1007E000AAFF04E0D5E9012114F8010B9047B442B7
:1007F000F8D32846FFF7B5FF70BD00002DE9F041A2
:100800000646002410687529314616A510D0FFF75A
:10081000B9FF002802DA404213A507E031688A07D1
:1008200001D512A502E0490704D511A5012401E074
:10083000FFF7B1FF00210A2206F1240709E0B0FB0F
:10084000F2FCB0FBF2F302FB1C0030307854184687
:10085000491C0028F3D123462A463046BDE8F04122
:1008600000F0A9BA000000002D0000002B000000DD
:100870002000000011680268006A530501D5087065
:100880000AE0D30501D5088006E0130603D5C21798
:10089000C1E9000200E0086001207047074B70B515
:1008A0000D467B4400F071FE0446284600F0ACFE85
:1008B00010B14FF0FF3070BD204670BD25A3000081
:1008C0002DE9FF5F15468A460446DFF8AC80F84400
:1008D0000027D8E900103E46CDE9001010E03AF8B4
:1008E00016106A4602A800F02FFF411C07D021789D
:1008F000890603D5E269391891420DD80744761C60
:100900002078800602D5E069B84205DDAE42E6DB1C
:100910003AF816000028E2D1A069C01BA061204669
:10092000FFF709FFD8E90010CDE90010002017E01B
:100930003AF818106A4602A800F006FFB0F1FF3F2F
:1009400081460BD000250DF1080B05E0D4E901210B
:100950001BF8050090476D1C4D45F7D308F10100C9
:10096000B0428046E4DB206A384420622046FFF72C
:10097000F8FEBDE8FF9F0000BAA400002DE9F04199
:100980008046D21D22F007020025D2E90002F52997
:1009900015A614D0011E72F1000106DA0023D0EB77
:1009A000030063EB020211A608E0D8F800108B07E1
:1009B00001D50FA602E0490701D50EA60125114673
:1009C000002408F1240704E000F0B0F930323A5571
:1009D000641C50EA0102F7D12B46324621464046BC
:1009E000BDE8F04100F0E7B9000000002D00000074
:1009F0002B0000002000000030B4002100F124048E
:100A000008E002F00705D208303542EA4372DB08FD
:100A10006554491C52EA0305F3D10468002310A26F
:100A2000250708D504F020040C4304D0C469012331
:100A30000CA2641EC46130BC00F0BDB910B5044600
:100A400021461068FFF7A7FE02462046BDE8104089
:100A50000023D1E7D21D22F00701D1E90023CBE723
:100A60000000000030000000F0B40D4601880905C8
:100A700002D5214C7C4402E01F4C7C440E34002102
:100A800000F1240608E002F00F071209E75D42EAD0
:100A900003721B097754491C52EA0307F3D1027809
:100AA0000023120704D5702D06D009B1022311349A
:100AB0002246F0BC00F07FB901231034F8E770B58E
:100AC00004460D4621461068FFF765FE024629469A
:100AD0002046BDE870400023C6E7D21D22F0070380
:100AE000D3E90023C0E70368126843F020030360E2
:100AF0000823C3610023B7E71CA300002DE9F05FC2
:100B0000894604464FF0000ADFF874B1FB44C0F890
:100B100020A02046E1688847002874D0252806D008
:100B2000D4E901219047206A401C2062F1E70026A9
:100B30005F462046E16888472028054607DB312DBF
:100B400005D2781910F8200C08B10643F1E7B00778
:100B500001D526F00406C4F81CA00027C4F818A08C
:100B60002A2D09D028460AF029F838B304EB870863
:100B7000303DC8F8185019E059F8041B204604EB22
:100B800087029161E1688847012F054618D1E06925
:100B9000002820DA26F020061DE0D8F8180000EB27
:100BA000800005EB40003038C8F818002046E168A6
:100BB000884705460AF002F80028EED1012F0AD036
:100BC0002E2D08D12046E16888477F1C0546022F5C
:100BD00046F02006C4DBA069002803DA404246F054
:100BE0000106A061F00701D026F010066C2D0BD095
:100BF000682D09D04C2D39D06A2D35D0742D35D0C3
:100C00007A2D33D016E038E0E1682F462046884739
:100C1000B842054609D16C2F26D04FF48060E168B8
:100C2000064320468847054604E06C2F1AD04FF44F
:100C3000807006430DB3A5F14100192802D8203574
:100C400046F400664A462946204626604E46FFF78F
:100C5000FDFA80B101280BD0F61D26F0070000F147
:100C6000080956E74020E4E78020D8E70020D6E7CF
:100C700006F104094DE7284652E7206ABDE8F09FD7
:100C8000ACA2000010B5203AC0F00B80B1E81850BB
:100C9000A0E81850B1E81850A0E81850203ABFF466
:100CA000F5AF5FEA027C24BFB1E81850A0E8185005
:100CB00044BF18C918C0BDE810405FEA827C24BF59
:100CC00051F8043B40F8043B08BF7047D20728BFE7
:100CD00031F8023B48BF11F8012B28BF20F8023B36
:100CE00048BF00F8012B7047004870472C010020D6
:100CF000004870472C010020034640688C460028BD
:100D000018BF88423CBF03464068F8D318681844AF
:100D1000884207D00CF1030020F00700001D411AA3
:100D2000521A0146081D0A60FFF7D3BC30B5B0F176
:100D30000A0271F100034FEA900E4EEA817EB0EB99
:100D40000E0061EB91014FEA101E4EEA017E10EB9E
:100D50000E0041EB11114FEA102E4EEA016E10EB1E
:100D60000E0041EB11214FEA104E4EEA014E10EBFE
:100D70000E0041EB1141401841F100014FEAD00053
:100D800040EA41704FEAD1014FEA810444EA90748D
:100D900010EB800544EB01046D1944EB0404521B75
:100DA000A3414FF0000348BF0A3200D530BD401CBC
:100DB00041F1000130BD2DE9F0470D4699469246BC
:100DC000044600F124080168880604D5E06921F092
:100DD0001001216000E00120A84201DD471B00E076
:100DE0000027A1697A1902EB0900081AA06120788E
:100DF000C00602D42046FFF79EFC002608E0D4E996
:100E000001211AF806009047206A401C761C2062D7
:100E10004E45F4DB2078C0060AD52046FFF78BFC50
:100E200006E0D4E9012130209047206A401C20626E
:100E3000381EA7F10107F4DC07E0D4E9012118F816
:100E400005009047206A401C2062281EA5F101057C
:100E5000F3DC2046FFF785FC2078000602D502204F
:100E6000BDE8F0870120FBE72DE9FF4F0C461E4649
:100E70004FF0FF378BB0D2E90001DDF860800A90B7
:100E80008A46C1F30A5505B93D46002108464FF090
:100E90000000BAF1000F00F4400005DA00EB80001A
:100EA0004FF4400101EA50004FEA9059B9F1010FA7
:100EB00000DDB9460A9850EA4A000ED044F61050B8
:100EC000A5F2FF3545432F14B8F1000F1ED075422F
:100ED000291E1EDDC9F100021CE0B8F1010F4FF020
:100EE000000001D0302103E0F24305E02154401C12
:100EF000B042FBDB30460022002121540B99C1F89F
:100F00000880C1E900200FB0BDE8F08FBD1B6D1C4B
:100F1000DEE74A4600DA694206A800F0B3FC06ABF9
:100F200093E8070003AB83E8070050460A9908F0EE
:100F30008BFF8DE80700A0F500501F380090039844
:100F4000002D0ADD42F21F014A460844002303A98E
:100F50000390684609F0F4F909E0A0F500504A460C
:100F60001F38002303A90390684609F0FEF98DE8B5
:100F700007000004000C03D04FF0FF30410800E0F0
:100F80001046B8F1000F03D00022009215461EE073
:100F9000751E05D4FFF7CAFE303262556D1EF9D5B5
:100FA000B3460122084302D000227F1C04E02078CF
:100FB000302801D100227F1E002A099784D01DE02D
:100FC000112D07DAFFF7B2FE303262556D1C50EA80
:100FD0000102F5D1084302D00098C8B10EE000210B
:100FE000681E05E0235C625C63542254401E491C69
:100FF0008142F7DBAB46A81B401E0990002004F895
:101000000B000B98099AC0F80880C0E9002B7AE71A
:1010100011264FF0000857E72DE9F04F88460446A7
:10102000D21D22F0070191B0D1E90001CDE90A01FA
:1010300009F0D2FA02460B98C00F01D02D2007E02C
:101040002068810701D52B2002E0202101EAC000A1
:10105000032A099001D0072A05DB034641462046B2
:1010600000F0D0FB0BE12078800601D5E06900E0BC
:101070000620B8F1650F814606D0B8F1660F18D08A
:10108000B8F1670F70D131E00020B9F1110F009075
:1010900001DB112301E009F101030AAA01A90CA84F
:1010A000FFF7E2FEDDE90C70002609F10105834639
:1010B00047E001204B4600904FF000470AAA01A9E3
:1010C0000CA8FFF7D1FEDDE90DB00C995D460026B6
:1010D00010B909F101000D18B9EB050003D4C0F1F6
:1010E000FF3609F10105A5EB09002BE0B9F1010F6D
:1010F00001DA4FF001090020B9F1110F00904846C4
:1011000001DD112300E003460AAA01A90CA8FFF79C
:10111000ABFEDDE90C704D460026834620780007C3
:101120000AD4AB4500DA5D4601A8012D04DD411962
:1011300011F8011C302907D04F4502DA17F1040FCE
:1011400004DA012082460FE06D1EEEE7002F02DC7C
:10115000ED1B3E4403E0781CA84200DD7D1CB81B5B
:1011600000F1010A4FF000472078000703D4AA4598
:1011700001DB4FF0FF3A0021B7F1004F0DF14308BA
:101180008DF8431024D002202B23002F01DA7F4258
:101190002D230A21021EA0F1010000DC5FB197FBA4
:1011A000F1FC97FBF1F201FB1C7C17460CF1300CB3
:1011B00008F801CDEEE7A8F10100037021880905C8
:1011C00001D5452100E06521A0F1010800F8011CCE
:1011D00009980FA9A1EB0807FF1D00B101204119D3
:1011E00001EBEA70A1693844081A401EA06120781A
:1011F000C00602D42046FFF79EFA099828B1D4E928
:1012000001219047206A401C20622078C00622D528
:101210002046FFF790FA1EE0002E04DBB34502DD06
:1012200001A8805D00E03020D4E901219047206AC8
:10123000401C2062761CAAF101005FEA000A0AD174
:1012400000F0DCFAC0680168405CD4E901219047F5
:10125000206A401C2062281EA5F10105DCDC07E0A5
:10126000D4E9012118F8010B9047206A401C206244
:10127000381EA7F10107F3DC2046FFF772FA0320BE
:1012800011B041E62DE9F04F04460D46D21D22F083
:10129000070089B0D0E900974846394609F09CF923
:1012A0000246F80F01D02D2307E02068810701D501
:1012B0002B2302E0202101EAC0038DF820300BB17E
:1012C000012000E00020032A824601D0072A04DB27
:1012D0002946204600F096FA3FE12078800601D4A6
:1012E0000D2500E0E569C7F30A560D2D49DA002106
:1012F0004FEA175B08464FF00000002F00F4400053
:1013000007DA00EB80004FF4400100EBD07001EAF7
:1013100060008115012901DD4FF0FF3100224FEA05
:10132000850CBCF1180F06D31346ACF118004FF032
:101330008052C24003E04FF4801323FA0CF30CF107
:101340000C0CBCF1200F04D3ACF1200C09FA0CF00A
:1013500001E007FA0CF000294FF0004801DD18B950
:101360000FE00ED140450CD319EB02095F4121B9C2
:10137000404502D19F4329EA0209BBEB175F00D029
:10138000761C2088000502D57B48784402E07A4824
:101390007844193808AA302302F80A30037C0AF18D
:1013A0000101002E0AF1020A53546A4602DC4FF092
:1013B000300101E04FF031014FF001088DF80010CD
:1013C00002D0A6F2FF3603E059EA470100D06B4E87
:1013D000002D02DC2178090704D54FF002082E21E8
:1013E0008DF80110C44600210BE0C7F303433F0111
:1013F000C35C491C6D1E02F80830052908F101087C
:1014000001DA002DF1DC00210CE000EB1973491C1E
:101410001B786D1E082902F808304FEA091908F1F7
:10142000010801DA002DF0DC21688B0602D516E0F8
:10143000A8F10108E04505DD02EB080313F8013CC3
:10144000302BF5D0B8F1000F09DD02EB080313F8DB
:10145000013C2E2B03D1090701D4A8F10108002D6E
:1014600005DD3E2102F808106D1E08F10108407CE0
:10147000002E02F8080008F1010804DA2D20764257
:1014800002F8080002E02B2002F808000A214FF4BD
:101490007A70864208F101080BDB96FBF0F33033DB
:1014A00002F8083096FBF0F308F1010800FB136620
:1014B00001E0642E0CDB642096FBF0F3303302F87D
:1014C000083096FBF0F308F1010800FB136601E019
:1014D0000A2E06DB96FBF1F0303002F8080008F126
:1014E000010896FBF1F001FB1060303002F80800B3
:1014F000A16908F1010808EB050202EB0A00081ACD
:10150000A0612078C00602D42046FFF714F9216AB2
:1015100008AE01EB0A00206204E0D4E9012116F8CC
:10152000010B9047BAF1010AF7D22078C00602D524
:101530002046FFF700F96E4609E016F8010B3E2839
:101540000FD0D4E901219047206A401C2062B8F1F5
:101550000108F2D22046FFF704F909B00320BDE8E4
:10156000F08F206A2844206203E0D4E90121302072
:1015700090476D1EEBD3F8E7529A000002FCFFFF84
:1015800001694A1C02610878704700B58FB0CDE947
:1015900001310021059105497944CDE90310114637
:1015A0006846FFF7ABFA0FB000BD0000E5FFFFFF94
:1015B00010B5436913B1AFF3008001E0FFF7F4F811
:1015C000012010BD127800F124010A7000224A7037
:1015D0000122EDE711684FF0FF32E9E710B54369EA
:1015E00013B1AFF3008001E0FFF76AF9012010BDED
:1015F000128800F1240182840022C2840122EDE7D6
:1016000011684FF0FF32E9E7007B00F0800070477F
:1016100010B542485421FEF7CAFF41485421FEF755
:10162000C6FF40485421FEF7C2FF3F493B483C4AB1
:101630003F4B08603D490A603A491960531C0365F5
:10164000481C1065012008653B48344A39A178449C
:1016500000F09EFA20B9384878440A3800F044FB7C
:1016600037482F4A35A1784400F092FA20B934481F
:1016700078440A3800F038FB32482A4A2FA17844CF
:1016800000F086FA20B92F4878440A3800F02CFB85
:1016900040232248DC000021224600F056FA20B107
:1016A00025487844543800F01FFB1D48224640234B
:1016B000002100F04AFA20B121487844543800F063
:1016C00013FB184822461023002100F03EFA0028A0
:1016D00006D01C487844BDE81040563800F004BBE2
:1016E00010BD104870B5006D20F001040B4800F0EB
:1016F000C7FA0B4800F0C4FA0A4800F0C1FA09E042
:10170000206D20F00105204600F0BAFA2046FEF7D1
:10171000E0FF2C46002CF3D170BD0000300000200B
:1017200084000020D80000200000002004000020D9
:101730000800002072000000A19700007700000060
:101740008D970000799700002DE9F04116460C4670
:10175000054600F04BF8036893F80101012807D013
:10176000FF2C12D8185D80B101202C70BDE8F081EB
:10177000D3F807013246214603F20713C71828465B
:10178000BC46BDE8F041002360474FF0FF30EDE775
:1017900010B500F0B1FABDE8104000F0A0BA7047F3
:1017A0007546FFF7A1FAAE4605006946534620F09C
:1017B0000700854618B020B5FEF7CCFDBDE82040F7
:1017C0004FF000064FF000074FF000084FF0000BFD
:1017D000AC46ACE8C009ACE8C009ACE8C009ACE86C
:1017E000C00921F007018D467047000010B500F0D8
:1017F00005F8001D10BD00BF599400000048704757
:101800004C0100202DE9F0411F46044603260168E3
:10181000072A01F4006004DB08B116A505E016A54F
:1018200003E008B115A500E015A521F01000206027
:10183000A069C01EA0610FB1401EA0612046FEF746
:101840007AFF4FB1D4E9012138469047206A401C05
:101850002062C01C206206E0206AFAE7D4E9012178
:1018600015F8010B9047761EF8D22046FEF779FF57
:10187000BDE8F0814E414E006E616E00494E46005B
:10188000696E66002DE9F047814616468AB03548F4
:1018900078440DC88DE80D0032487844801C03ACB4
:1018A0000DC884E80D0041F69B300844372190FBB9
:1018B000F1F290FBF1F5A5F1800501FB12041B3C50
:1018C00002D56442012000E00020DFF898A08046A5
:1018D0000027FA44AAF1BE0A0EE0E0070AD0324619
:1018E000684607EB470101230AEB810108F03DFD43
:1018F0008DE8070064107F1C002CEED1194F7F4447
:10190000AE3F19E0E80715D007EB04100DF1180AF7
:1019100090E80E008AE80E00C068F04201D19819E4
:1019200008903246012306A903A808F01EFD03AB68
:1019300083E807006D10641C002DE3D14FF0010314
:1019400032466946B8F1000F03A802D008F0F8FC4F
:1019500001E008F00AFDC9E90001C9F808200AB051
:10196000BDE8F087E89500002DE9F05F05461746D1
:101970000C46C86820F4201040F48000C86080063F
:1019800002D5084600F0F3FAE06841F282014FF018
:10199000FF3A0140022903D0204600F085FAB9E061
:1019A00000F42041B1F5004F0FD1C00306D56168A6
:1019B000E06A884200D80846606006E02069E0627C
:1019C0006060606900F0EDF9A061A0680022EEB2ED
:1019D00000280DDAE1688B050AD4C043A06041F409
:1019E00090302260E0606068411C61600670AAE08F
:1019F000E0689146226040F40050E060206978BBC6
:101A0000606900F0C0F904F124054FF00108A8B1A5
:101A1000A08910F4407F08D0E069FEF7ADFC20619A
:101A200018B1E06840F4006017E0C4F81C8025613C
:101A3000E06820F4407040F480600EE0E069FEF75A
:101A40009BFC00282061F0D0E06840F4006010F4B6
:101A5000407FE06002D140F48070E0602069606007
:101A6000E06825696FF0010BC1051ED56168E06A69
:101A7000884200D80846411B04D02246284600F080
:101A80001DFAE8BB1FB1E562C4E9015959E0681CC1
:101A9000E0626060E069401EA060E06840F4803071
:101AA000E06030462E70BDE8F09F17B100F4803240
:101AB0000AE06068411C61600670E0680A2E40F42C
:101AC0008030E06006D00022E16A6068814203D97C
:101AD0000B4602E00122F7E70346B4F80CC05B1B9B
:101AE0005FEA4C5C04D4D4F81CC09C4500DD02B312
:101AF000814200D80146002BA1EB0008E56200E01E
:101B000008E0C4E9015907DD22461946284600F0DD
:101B1000D5F908B15046C6E7B8F1000F09D0A16960
:101B2000E5626560A1EB0800A061E06840F010008C
:101B3000E06047B16168A069E562491B08446560DF
:101B4000A0615846AFE73046ADE770B5C468A50759
:101B500013D0650211D4B2F5807F09D0B2F5007FB1
:101B600006D0B2F5806F08D1012300F1240106E010
:101B70005D1E6FF07F46B54201D3012070BD01614B
:101B8000C361416024F470611143C160002070BDE5
:101B90002DE9F0410C461646070047D0104600F0EC
:101BA0006FF82078611C61280AD0722802D077284B
:101BB0003CD102E00125002405E00225042402E0D6
:101BC000082448F2020511F8010B2B2806D06228E0
:101BD00009D011F8010C74280AD00BE045F0030578
:101BE00044F00204EFE745F0040544F00104EAE79D
:101BF00044F010043846214600F08CFA411C15D000
:101C00000021316171604FF40071F560F161706124
:101C1000200704D530460222002100F0C9F8306DBB
:101C200040F0010030653046BDE8F0810020FBE760
:101C30002DE9F0410D460646104C206DC10704D039
:101C4000410804D020F00104F7E722460EE05420BA
:101C5000FEF792FB07000ED0206D47F0010108430C
:101C6000542120653846FEF7A2FC3A462946304604
:101C7000BDE8F0418CE70020D6E7000030000020EE
:101C80002DE9F04704464FF0FF380026C568D4E937
:101C90000497A80718D0204600F046F9384600F00F
:101CA0005DF8002800DA4646280502D54846FEF7CA
:101CB00010FD4C212046FEF77AFC206D20F001003B
:101CC00020653046BDE8F0874046FBE710B5044686
:101CD000AFF300802046BDE81040FEF726BB002889
:101CE00001D006F0ABBA704710B500F07BF9BDE843
:101CF0001040FFF7F4BF000010B5012805D0002107
:101D000003A000F055F9012010BD09A1F8E700007B
:101D100053494752544D454D3A204F7574206F66D4
:101D20002068656170206D656D6F7279000000003C
:101D30003A2048656170206D656D6F727920636F20
:101D400072727570746564000EB5CDE9000100F023
:101D5000C2F9029069460120ABBE0EBD08B56946C6
:101D600000900220ABBE08BD1FB58DE80700694694
:101D70000520ABBE04B010BD1FB58DE80F0069464D
:101D80000620ABBEF6E708B5694600900920ABBE59
:101D900008BD1CB5CDE9000169460A20ABBE1CBDDB
:101DA000704708B5694600900C20ABBE08BD000026
:101DB0002DE9F041044616460D464769007B800731
:101DC0002ED03846FFF7DFFF50BB3EB3012E02D0C6
:101DD000022E25D104E0204600F05CF905441DE008
:101DE0003846FFF7DEFFE168002841F01001E160AE
:101DF00005DA204600F058F80120BDE8F081C9035B
:101E00000BD56268E16A914200D81146A26911447B
:101E10002269891A814200DD08460544002D01DA55
:101E20000220EAE7E16A6068E268814206D2910333
:101E3000E06203D522F4003141F01002A6690027C8
:101E4000AE4213DCE16A814201D90B4600E0034651
:101E500003EB060C2369ACEB030CAC4506DD8142B9
:101E600001D98C4600E084469C4505D1A7602760D7
:101E700042F02000A5620DE0AD1BE669AE1B814279
:101E8000A66000D90846C01A281A20605819606058
:101E900022F0200003490840E060002084F84870E8
:101EA000ABE70000BFCFD7FFC16821F4001141F0BC
:101EB0008001C16000218160016070472DE9F74F0A
:101EC00015460C464FF0FF3B3848D768D2F814A0AF
:101ED000074209D05046A969FFF75BFF002819DBCC
:101EE0003248C0430740EF604FF000496FF00048B0
:101EF0004C4501D3464600E0264600993B465046F5
:101F00003246FFF731FFA96920F00042B21A1144AE
:101F1000A96128B12846FFF7C7FF5846BDE8FE8FE4
:101F2000A41BE5D10020F9E770B504460569C06A35
:101F30006168884200D80846E16821F42011E16018
:101F4000C90312D5A84208D02246411B2846FFF7F4
:101F5000B5FF10B14FF0FF3070BD0020E562C4E95D
:101F60000150E06820F48030E060002070BD10B5C2
:101F70000446C06820F02000E060A16AA0698842A1
:101F80000DD02046FFF7D0FFE06820F4405040F02D
:101F90001000E060A06AA0612069E062606044F225
:101FA0004001E0688843E06010BD000010000200BE
:101FB00070B505460C460A2000E06D1C06F042F99B
:101FC00035B128780028F8D102E0641C06F03AF90F
:101FD00014B120780028F8D1BDE870400A2006F03E
:101FE00031B9000010B5014602A0FFF7E1FF012062
:101FF00010BD000053494752545245443A2052659F
:102000006469726563743A2063616E2774206F702F
:10201000656E3A200000000030B44FF0013C50F8EB
:10202000042B51F8043BCCFA52F4D51A20D1FCB958
:1020300050F8042B51F8043BCCFA52F4D51A17D1BE
:10204000B4B950F8042B51F8043BCCFA52F4D51A29
:102050000ED16CB950F8042B51F8043BCCFA52F471
:10206000D51A05D1002CDAD030BC4FF000007047F3
:1020700029BAB1FA81F111F01801D1F120008440A0
:10208000F2D1CA40CB4012F0FF0213F0FF0330BC84
:10209000D01A704710B50146C268900703D0900669
:1020A00007D5886A0AE0FEF723FE01210160881E39
:1020B00010BD8B69486818440B69C01A91F8483004
:1020C0001BB191F84910401A10BD1103FCD500282E
:1020D000FADD401E10BD10B5431C02E010F8011BD4
:1020E00071B18107FAD14FF0013202C88C1A8C43CA
:1020F00014EAC211F9D0C01A0A0603D0C01E10BDDE
:10210000C01A10BD0A0401D0801E10BD0902FCD007
:10211000401E10BD82B001900091002002B07047B7
:10212000FFE7FEE782B001900198406BA0F201202A
:1021300001460091072800F217810099DFE801F0BD
:102140000426486A8CAED0F20198818D49BA00EE1F
:10215000101AB8EEC00AD0F83D0080ED0B0A0198C5
:10216000C18D49BA00EE101AB8EEC00AD0F83D0091
:1021700080ED0A0A0198018E49BA00EE101AB8EEF5
:10218000C00AD0F83D0080ED0C0AEDE00198818D89
:1021900049BA00EE101AB8EEC00AD0F83D0080ED42
:1021A000160A0198C18D49BA00EE101AB8EEC00A9D
:1021B000D0F83D0080ED150A0198018E49BA00EE75
:1021C000101AB8EEC00AD0F83D0080ED170ACBE037
:1021D0000198818D49BA00EE101AB8EEC00AD0F805
:1021E0003D0080ED210A0198C18D49BA00EE101A18
:1021F000B8EEC00AD0F83D0080ED200A0198018EAB
:1022000049BA00EE101AB8EEC00AD0F83D0080EDD1
:10221000220AA9E00198818D49BA00EE101AB8EEA1
:10222000C00AD0F83D0080ED2C0A0198C18D49BA52
:1022300000EE101AB8EEC00AD0F83D0080ED2B0A6F
:102240000198018E49BA00EE101AB8EEC00AD0F813
:102250003D0080ED2D0A87E00198818D49BA00EE9E
:10226000101AB8EEC00AD0F83D0080ED0B0A0198B4
:10227000C18D49BA00EE101AB8EEC00AD0F83D0080
:1022800080ED0A0A0198018E49BA00EE101AB8EEE4
:10229000C00AD0F83D0080ED0C0A65E00198818D00
:1022A00049BA00EE101AB8EEC00AD0F83D0080ED31
:1022B000160A0198C18D49BA00EE101AB8EEC00A8C
:1022C000D0F83D0080ED150A0198018E49BA00EE64
:1022D000101AB8EEC00AD0F83D0080ED170A43E0AE
:1022E0000198818D49BA00EE101AB8EEC00AD0F8F4
:1022F0003D0080ED210A0198C18D49BA00EE101A07
:10230000B8EEC00AD0F83D0080ED200A0198018E99
:1023100049BA00EE101AB8EEC00AD0F83D0080EDC0
:10232000220A21E00198818D49BA00EE101AB8EE18
:10233000C00AD0F83D0080ED2C0A0198C18D49BA41
:1023400000EE101AB8EEC00AD0F83D0080ED2B0A5E
:102350000198018E49BA00EE101AB8EEC00AD0F802
:102360003D0080ED2D0AFFE702B0704780B58EB0CA
:102370000D908DF833100B92C4200290FDF7FCFFF6
:10238000029909909DF83300099A10700B98099AE8
:1023900050700020039008900790069005900490DC
:1023A0000998FEF704F903980D9904910B9905918A
:1023B00042F22511C0F600010791099908910A908F
:1023C000FFE70A9803281EDCFFE70B98B0F5007FB3
:1023D00005D1FFE70A9800F50070019004E00A9823
:1023E00000F501700190FFE70198069004A800F045
:1023F0008FF909990A9A01EB82014860FFE70A9870
:1024000001300A90DDE7099840F20443C2F200036C
:102410001A68511C196040F28C11C2F2000141F897
:1024200022000EB080BD000080B584B08DF80F0092
:102430009DF80F0000F050F80020029001900090ED
:10244000FFE70098052831DCFFE79DF80F1040F208
:102450008C10C2F2000050F82120DDF800C00CEB17
:10246000DC7149082C2301FB032191ED0F0ABDEE1D
:10247000C00A10EE101A090A01AA02F80C109DF801
:102480000F1050F821C0009901EBD170400800FBFB
:1024900003C090ED0F0ABDEEC00A10EE100A114401
:1024A0004870FFE7009802300090CAE79DF80F10CF
:1024B00040F28C10C2F2000050F821104A680199D5
:1024C000029B936251629DF80F1050F82100406802
:1024D00000F0C6F904B080BD82B08DF8070000207E
:1024E0000090FFE70098032847DCFFE79DF80710FE
:1024F00040F28C10C2F2000050F8212000982C21EC
:1025000000FB0120007F78B9FFE79DF8071040F23B
:102510008C10C2F2000050F8212000982C2100FB02
:1025200001210020C86323E09DF8071040F28C10C1
:10253000C2F2000050F8212000982C2100FB01205D
:10254000407F012813D1FFE79DF8071040F28C105F
:10255000C2F2000050F8212000982C2100FB01203D
:1025600090ED0F0AB1EE400A80ED0F0AFFE7FFE79A
:10257000FFE7009801300090B4E702B07047000018
:1025800080B540F23420C2F2000000F083FD80BD2F
:1025900080B540F23420C2F2000000F07BFD80BD27
:1025A00080B540F25C20C2F2000000F073FD80BDF7
:1025B00080B540F25C20C2F2000000F06BFD80BDEF
:1025C00080B58CB00B900020079008900B98C169E3
:1025D0000120884305900E200A900B98406B400123
:1025E00002900B98006840F23421C2F20001884248
:1025F00009D1FFE740F29C12C2F200021078411CA0
:102600001170009008E040F20C02C2F20002107853
:10261000411C11700090FFE700980690012009907E
:102620000B98006801A900F0F3FA0CB080BD00001F
:1026300080B586B005900491FFE70598049900F0F5
:10264000BDFB002862D0FFE70598049940F2A01274
:10265000C2F2000202AB00F0DBFB00200190FFE7BA
:10266000019840F20841C2F20001097888424CD238
:10267000FFE70598019A40F2D811C2F2000151F823
:102680002210096888423BD1FFE740F2A010C2F255
:1026900000000068019A40F2D811C2F2000151F81E
:1026A0002210496B88422BD1FFE7019940F2D810E4
:1026B000C2F2000050F82100D0F83900F8B1FFE76D
:1026C00040F2A011C2F200010A69019B40F2D81049
:1026D000C2F20000009050F8233083F83820019AAD
:1026E00050F822002C300A6902A9FDF7F9FE009883
:1026F000019950F82100D0F839108847FFE705E02C
:10270000FFE7019801300190AAE796E706B080BD87
:1027100080B584B0039040F20840C2F20000007817
:1027200018B9FFE700F078F8FFE740F20840C2F27E
:1027300000000078102802DBFFE7FFE7FEE700203B
:102740000290FFE7029840F20841C2F200010978C6
:10275000884221D2FFE7029940F2D810C2F200006D
:1027600050F82100406B0399896888420FD1FFE738
:10277000029940F2D810C2F2000050F8210000681F
:1027800003990968884202D1FFE7FFE7FEE7FFE708
:10279000029801300290D5E741200090FDF7ECFD52
:1027A000009901900198FDF7E0FE039840680199B7
:1027B000486001990020C8600199086101990820CA
:1027C000486103980068019908600398406801997E
:1027D000C86103988068019948630398C0680199AB
:1027E000C1F83900039800690199C1F83D000198CA
:1027F000FFF7E6FE019840F20843C2F200031A78A0
:10280000511C197040F2D811C2F2000141F82200A7
:10281000019804B080BD000080B584B040F234203F
:10282000C2F20000009001F017F800980221019117
:1028300000F018F900981021029100F013F940F20D
:102840005C20C2F20000039001F006F801990398A1
:1028500000F008F90299039800F004F904B080BD73
:1028600080B582B00090FFE70098006800F0DAFBC6
:1028700008B9FFE7F8E7009A134653F8200B111D3B
:10288000243200F019F958B1FFE740F2BC11C2F24E
:10289000000108680130086001208DF8070003E09E
:1028A00000208DF80700FFE79DF8070002B080BD0B
:1028B00080B540F28420C2F2000001F0C7F880BD6C
:1028C00082B001900198007810384AF6AB21CAF620
:1028D000AA21A0FB01100009009000994AF6C860E7
:1028E000C0F60000405C0199C8650098042807D331
:1028F000FFE701990868042262F30900886506E091
:102900000199086840F2FF3290438865FFE701981B
:10291000806D02B07047000086B0059000208DF8F1
:1029200013000598806A03900598806910BBFFE743
:102930000398029003281BD80299DFE801F0020DEA
:102940000218059890F82F00C00720B1FFE701207A
:102950008DF81300FFE70CE00598C06AB0F1C07F66
:1029600004D1FFE701208DF81300FFE701E000E04C
:10297000FFE745E005988069B0F5005F25D1FFE7E6
:102980000398019003281ED80199DFE801F00206A0
:10299000021101208DF8130016E0059890F82F0021
:1029A000C00720B1FFE701208DF81300FFE70BE01F
:1029B0000598C06AB0F1C07F04D1FFE701208DF80F
:1029C0001300FFE700E0FFE719E0039800900328F9
:1029D00004D3FFE70098032804D00EE001208DF80F
:1029E00013000BE0059890F82F00C00720B1FFE717
:1029F00001208DF81300FFE700E0FFE7FFE7FFE7A6
:102A00009DF8130006B0704784B0039002910192C4
:102A1000009303980168086820F4802008600098FB
:102A200003990968486003988068402809D1FFE746
:102A30000198039909688860029803990968C86039
:102A400008E0029803990968886001980399096869
:102A5000C860FFE704B070477047000072B6FFE738
:102A6000FEE7000084B002900191029890F82000E7
:102A70008DF803009DF80300012805D0FFE79DF8BD
:102A8000030002280AD1FFE7019A02980168486909
:102A90001043486100208DF80F0008E00299486A51
:102AA00040F48020486201208DF80F00FFE79DF878
:102AB0000F0004B07047000088B0069005910492A2
:102AC0000393069890F820008DF807000698006898
:102AD000806800900598806808B9FFE700E0FFE78C
:102AE0009DF80700012806D0FFE79DF8070002289F
:102AF00040F08080FFE79DF80300400700280CD4D9
:102B0000FFE79DF803000007002806D4FFE79DF8C3
:102B10000300C006002864D5FFE70098C0F30160F9
:102B20000290029901208840039908600598806806
:102B300068B9FFE705980168C06840EA4150069906
:102B40000968029A01EB0211C1F880010EE00599B3
:102B50004A688868C96840EAC2000843069909685B
:102B6000029A01EB0211C1F88001FFE705980069A4
:102B700006990968029A01EB0211C1F884010598CF
:102B8000007D01280CD1FFE706980068029900EB50
:102B90000111D1F8840140F48070C1F88401FFE78D
:102BA0000498406806990968029A01EB0211C1F87D
:102BB0008C010498006806990968029A01EB0211D9
:102BC000C1F8880106980068029900EB0111D1F85C
:102BD000800140F00100C1F8800100208DF81F0045
:102BE00011E00699486A40F40010486201208DF80F
:102BF0001F0008E00699486A40F4802048620120DE
:102C00008DF81F00FFE79DF81F0008B07047000017
:102C100086B004900391049800680190049890F89D
:102C200020008DF803009DF80300012806D0FFE77F
:102C30009DF80300022840F0B080FFE746F2004014
:102C4000C4F2000001900199D1F8000240F00100A7
:102C5000C1F800020199D1F8000220F47C50C1F8BB
:102C600000020398426A0199D1F8000240EA02206A
:102C7000C1F800020398406900F01F01012088405C
:102C80000290029A0199D1F81C029043C1F81C02EB
:102C90000398C069F0B9FFE7029A0199D1F80C02D4
:102CA0009043C1F80C02039A9088D168526940EAB7
:102CB0000140019901EBC201C1F84002039A10885A
:102CC0009168526940EA0140019901EBC201C1F8E3
:102CD0004402FFE70398C06901281ED1FFE7029A6A
:102CE0000199D1F80C021043C1F80C02039A9088A4
:102CF0001168526940EA0140019901EBC201C1F833
:102D00004002039A90899168526940EA0140019912
:102D100001EBC201C1F84402FFE70398806940B9A2
:102D2000FFE7029A0199D1F804029043C1F8040226
:102D300007E0029A0199D1F804021043C1F8040295
:102D4000FFE70398006940B9FFE7029A0199D1F8BB
:102D500014029043C1F8140207E0029A0199D1F8D5
:102D600014021043C1F81402FFE70398006A012817
:102D700008D1FFE7029A0199D1F81C021043C1F86B
:102D80001C02FFE70199D1F8000220F00100C1F810
:102D9000000200208DF8170008E00499486A40F40A
:102DA0008020486201208DF81700FFE79DF817008A
:102DB00006B0704781B0009001B0704784B00390B6
:102DC000029100200190039890F820008DF80300F4
:102DD0009DF80300012805D0FFE79DF803000228B5
:102DE00012D1FFE7029838B9FFE703980068C0687E
:102DF00000F00300019006E003980068006900F00D
:102E000003000190FFE7FFE7019804B0704700005E
:102E100086B00490039102920193049890F82000E8
:102E20008DF803009DF80300012806D0FFE79DF808
:102E30000300022840F0E880FFE7039880B9FFE72D
:102E400004980068C068800748B9FFE70499486A99
:102E500040F40010486201208DF81700DDE00FE01B
:102E6000049800680069800748B9FFE70499486A38
:102E700040F40010486201208DF81700CDE0FFE714
:102E800004980068039900EB0110D0F8B00100F03D
:102E90000400029988600298806858B9FFE7049896
:102EA0000068039900EB0110D0F8B001400D0299C1
:102EB00008600AE004980068039900EB0110D0F85C
:102EC000B001C00802994860FFE7049800680399C0
:102ED00000EB0110D0F8B00100F002000299C860C8
:102EE00004980068039900EB0110D0F8B40100F0D9
:102EF0000F00082804D3FFE70299082008610BE0BF
:102F000004980068039900EB0110D0F8B40100F0B8
:102F10000F0002990861FFE704980068039900EB2D
:102F20000110D0F8B40180B2000A029988610498B7
:102F30000068039900EB0110D0F8B401000C02996D
:102F4000486104980068039900EB0110D0F8B801BB
:102F50000199087004980068039900EB0110D0F8FB
:102F6000B801000A0199487004980068039900EBC1
:102F70000110D0F8B801000C01998870049800681D
:102F8000039900EB0110D0F8B801000E0199C87048
:102F900004980068039900EB0110D0F8BC01019976
:102FA000087104980068039900EB0110D0F8BC0187
:102FB000000A0199487104980068039900EB011018
:102FC000D0F8BC01000C019988710498006803993D
:102FD00000EB0110D0F8BC01000E0199C8710398F4
:102FE00038B9FFE704980168C86840F02000C8605D
:102FF00006E004980168086940F020000861FFE7D6
:1030000000208DF8170008E00499486A40F48020F9
:10301000486201208DF81700FFE79DF8170006B001
:103020007047000083B0029000200190029890F851
:1030300020008DF803009DF80300012805D0FFE76C
:103040009DF80300022822D1FFE7029800688068FB
:103050004001002804D5FFE7019801300190FFE707
:103060000298006880680001002804D5FFE70198F5
:1030700001300190FFE7029800688068C0000028D6
:1030800004D5FFE7019801300190FFE7FFE70198C1
:1030900003B0704780B58AB0099000200890099865
:1030A0000068406907900998006840680690099890
:1030B00000688068059009980068C06804900998C5
:1030C00000680069039009980068806902909DF883
:1030D0001C00C007002800F09480FFE79DF8140052
:1030E000C00758B3FFE709980168012088609DF880
:1030F00014008007002804D5FFE7099800F0F6FBCC
:103100001BE09DF814004007002805D5FFE708984C
:1031100040F4006008900FE09DF8140000070028BC
:1031200005D5FFE7089840F48050089003E009981F
:1031300000F0D8FBFFE7FFE7FFE7FFE79DF815008A
:10314000C00760B3FFE7099801684FF4807088609A
:103150009DF815008007002804D5FFE7099800F0C6
:10316000CDFB1BE09DF815004007002805D5FFE7C3
:10317000089840F4005008900FE09DF815000007F3
:10318000002805D5FFE7089840F48040089003E048
:10319000099800F0AFFBFFE7FFE7FFE7FFE79DF8C7
:1031A0001600C00760B3FFE7099801684FF480304C
:1031B00088609DF816008007002804D5FFE709986D
:1031C00000F0A4FB1BE09DF816004007002805D581
:1031D000FFE7089840F4004008900FE09DF81600C3
:1031E0000007002805D5FFE7089840F480300890D4
:1031F00003E0099800F086FBFFE7FFE7FFE7FFE742
:10320000FFE79DF81C000007002810D5FFE79DF898
:103210001000C006002809D5FFE7089840F40070A8
:103220000890099801681020C860FFE7FFE79DF843
:103230001C00400700280FD5FFE79DF8100000078D
:10324000002808D5FFE7099801680820C860099898
:1032500000F0E2FAFFE7FFE79DF81C008007002876
:103260000BD5FFE709980068C068800720B1FFE729
:10327000099800F0D5FAFFE7FFE79DF81C0040062B
:10328000002810D5FFE79DF80C00C006002809D5DE
:10329000FFE7089840F480600890099801681020C2
:1032A0000861FFE7FFE79DF81C00800600280FD5A6
:1032B000FFE79DF80C000007002808D5FFE70998F4
:1032C000016808200861099800F0B4FAFFE7FFE7F9
:1032D0009DF81C00C00600280BD5FFE70998006880
:1032E0000069800720B1FFE7099800F0A7FAFFE71F
:1032F000FFE79DF81E00800700280FD5FFE79DF827
:103300001800C006002808D5FFE7099801681020BA
:103310004860099800F09CFAFFE7FFE79DF81E005F
:10332000C00778B1FFE79DF818000007002808D50E
:10333000FFE70998016808204860099800F0EAFA58
:10334000FFE7FFE79DF81D000006002840F18D8093
:10335000FFE79DF818004007002840F18180FFE753
:103360009DF81D00C00750B1FFE79DF80800C00799
:1033700028B1FFE7089840F001000890FFE79DF8AA
:103380001D00800700280BD5FFE79DF80800800787
:10339000002805D5FFE7089840F002000890FFE7F5
:1033A0009DF81D00400700280BD5FFE79DF8080099
:1033B0004007002805D5FFE7089840F00400089072
:1033C000FFE79DF81D000007002848D5FFE79DF89E
:1033D000080010F0700F42D0FFE7029800F0700074
:1033E00001460191102814D0FFE70198202815D03C
:1033F000FFE70198302816D0FFE70198402817D042
:10340000FFE70198502818D0FFE70198602819D0ED
:103410001DE0089840F00800089019E0089840F076
:103420001000089014E0089840F0200008900FE089
:10343000089840F0400008900AE0089840F08000AA
:10344000089005E0089840F48070089000E0FFE7DD
:1034500009980168886920F070008861FFE7FFE73C
:103460000998016804204860FFE7089848B1FFE721
:10347000089A0999486A104348620998FFF79AFC2C
:10348000FFE70AB080BD000080B584B002900298CA
:1034900020B9FFE701208DF80F00E0E0029890F8D6
:1034A000200020B9FFE7029800F0DEF8FFE702985D
:1034B0000168086840F00100086000F081FF019099
:1034C000FFE7029800684068C007A8B9FFE700F06E
:1034D00077FF0199401A0B280DD3FFE70299486A3C
:1034E00040F4003048620299052081F82000012054
:1034F0008DF80F00B3E0E4E702980168086820F057
:103500000200086000F05CFF0190FFE7029800688D
:1035100040688007002815D5FFE700F051FF0199AA
:10352000401A0B280DD3FFE70299486A40F4003097
:1035300048620299052081F8200001208DF80F00D3
:103540008DE0E3E70298007E012807D1FFE70298AB
:103550000168086840F08000086006E00298016891
:10356000086820F080000860FFE70298407E01288C
:1035700007D1FFE702980168086840F04000086042
:1035800006E002980168086820F040000860FFE744
:103590000298807E012807D1FFE702980168086839
:1035A00040F02000086006E002980168086820F0FA
:1035B00020000860FFE70298C07E012807D1FFE7DE
:1035C00002980168086820F01000086006E0029880
:1035D0000168086840F010000860FFE70298007F6B
:1035E000012807D1FFE702980168086840F0080049
:1035F000086006E002980168086820F0080008608A
:10360000FFE70298407F012807D1FFE70298016891
:10361000086840F00400086006E002980168086845
:1036200020F004000860FFE7029B19685A68986858
:10363000D3F80CC040EA0C00D3F810C040EA0C00EC
:103640005B691843013A1043C8610299002048623F
:10365000029A012182F820108DF80F00FFE79DF8F3
:103660000F0004B080BD000080B594B0139000201E
:103670001290119010900F900E901398006846F2DF
:103680000041C4F20001884254D1FFE740F2C0106B
:10369000C2F200000168013101600068012812D106
:1036A000FFE7FFE700200D9043F64000C4F2020060
:1036B000016841F000710160006800F000700D9039
:1036C0000D98FFE7FFE7FFE700200C9043F630007E
:1036D000C4F20200016841F001010160006800F0DD
:1036E00001000C900C98FFE74FF4C0500E900220A0
:1036F0000F900120109003201190092012900020BB
:10370000C4F202000EA900F04BFC14200590052124
:1037100006910022079200F0F1FE059800F0E4FE09
:103720000699079A1520089000F0E8FE089800F026
:10373000DBFE6FE01398006846F60001C4F200015A
:10374000884266D1FFE7FFE700200B9043F6400078
:10375000C4F20200016841F080610160006800F07D
:1037600080600B900B98FFE740F2C010C2F200009F
:103770000168013101600068012812D1FFE7FFE70D
:1037800000200A9043F64000C4F20200016841F0B4
:1037900000710160006800F000700A900A98FFE76D
:1037A000FFE7FFE70020099043F63000C4F2020073
:1037B000016841F002010160006800F00200099018
:1037C0000998FFE74FF440500E9002200F9001201F
:1037D0001090032011900920129040F20040C4F292
:1037E00002000EA900F0DCFB4020019005210291AF
:1037F0000022039200F082FE019800F075FE02990B
:10380000039A4120049000F079FE049800F06CFEC9
:10381000FFE7FFE714B080BD81B0009001B07047B2
:1038200080B582B0019001980021FEF701FF02B03F
:1038300080BD000081B0009001B0704780B582B0BB
:10384000019001980121FEF7F3FE02B080BD000057
:1038500081B0009001B0704780B584B002900298AA
:1038600090F8200001282FD1FFE70299022081F86B
:10387000200002980168086820F00100086000F04C
:103880009FFD0190FFE7029800684068C007A8B15B
:10389000FFE700F095FD0199401A0B280DD3FFE7D3
:1038A0000299486A40F4003048620299052081F884
:1038B000200001208DF80F000FE0E4E702990020BE
:1038C00048628DF80F0008E00299486A40F4002031
:1038D000486201208DF80F00FFE79DF80F0004B04B
:1038E00080BD000081B0009001B0704781B00090B1
:1038F00001B0704781B0009001B0704781B0009076
:1039000001B0704781B0009001B0704781B0009065
:1039100001B0704781B0009001B0704780B584B0AD
:1039200002900298806D019000F04AFD009002988C
:1039300090F8350002280DD0FFE7029980204865F5
:10394000FFE70299002081F83400FFE701208DF89D
:103950000F0055E002980168086820F01600086022
:1039600002980168486920F0800048610298006C64
:1039700020B9FFE70298806C38B1FFE70298016830
:10398000086820F008000860FFE7029801680868EE
:1039900020F001000860FFE7029800680068C00797
:1039A000C8B1FFE700F00CFD0099401A062811D3BA
:1039B000FFE70299202048650299032081F835002D
:1039C000FFE70299002081F83400FFE703208DF81B
:1039D0000F0015E0E0E70298C16D3F208840019993
:1039E00088600299012081F83500FFE702990020E4
:1039F00081F83400FFE7FFE700208DF80F00FFE7B4
:103A00009DF80F0004B080BD82B00090009890F83F
:103A10003500022807D0FFE7009980204865012083
:103A20008DF807000EE00099052081F83500009818
:103A30000168086820F001000860FFE700208DF8A9
:103A40000700FFE79DF8070002B0704780B586B019
:103A500005900020039040F21800C2F200000068B8
:103A600048F2B511C1F64E31A0FB0110800A029058
:103A70000598806D0190019800680490049805995C
:103A8000C96DC840000700281AD5FFE705980068EF
:103A900000684007002812D5FFE70598016808680C
:103AA00020F0040008600598C16D08208840019945
:103AB00088600599486D40F001004865FFE7FFE721
:103AC00004980599C96DC840C007A0B1FFE70598E3
:103AD00000684069000600280CD5FFE70598C16D15
:103AE00001208840019988600599486D40F00200E6
:103AF0004865FFE7FFE704980599C96DC84040078E
:103B0000002814D5FFE705980068006880070028A2
:103B10000CD5FFE70598C16D0420884001998860A5
:103B20000599486D40F004004865FFE7FFE70498F9
:103B30000599C96DC840C006002847D5FFE705981C
:103B400000680068000700283FD5FFE70598C16DB1
:103B5000102088400199886005980068006840033B
:103B600000281AD5FFE705980068006800030028C0
:103B700009D4FFE70598006C20B1FFE70598016CB8
:103B80008847FFE708E00598806C20B1FFE70598BB
:103B9000816C8847FFE7FFE716E00598006800683A
:103BA000C005002807D4FFE705980168086820F0E1
:103BB00008000860FFE70598006C20B1FFE7059852
:103BC000016C8847FFE7FFE7FFE7FFE704980599E7
:103BD000C96DC8408006002840F18D80FFE7059838
:103BE00000680068C006002840F18480FFE705985F
:103BF000C16D2020884001998860059890F83500B3
:103C0000052834D1FFE705980168086820F0160000
:103C1000086005980168486920F0800048610598AF
:103C2000006C20B9FFE70598806C38B1FFE7059874
:103C30000168086820F008000860FFE70598C16D7A
:103C40003F208840019988600599012081F835005E
:103C5000FFE70599002081F83400FFE70598006D23
:103C600020B1FFE70598016D8847FFE77BE00598E5
:103C700000680068400300281AD5FFE7059800682F
:103C800000680003002809D4FFE70598406C20B1C4
:103C9000FFE70598416C8847FFE708E00598C06B8F
:103CA00020B1FFE70598C16B8847FFE7FFE720E0F9
:103CB000059800680068C005002811D4FFE7059842
:103CC0000168086820F0100008600599012081F85B
:103CD0003500FFE70599002081F83400FFE7FFE792
:103CE0000598C06B20B1FFE70598C16B8847FFE7D7
:103CF000FFE7FFE7FFE70598406DA0B3FFE70598F2
:103D0000406DC00730B3FFE70599052081F8350005
:103D100005980168086820F001000860FFE7039833
:103D2000013003900299884201D9FFE707E0FFE7DD
:103D3000059800680068C0070028F0D1FFE70599E2
:103D4000012081F83500FFE70599002081F8340053
:103D5000FFE7FFE70598C06C20B1FFE70598C16C4D
:103D60008847FFE7FFE706B080BD000080B586B05A
:103D700004900020039000F023FB0290049820B9E7
:103D8000FFE701208DF81700A3E00498406A08B10E
:103D9000FFE7FFE70499022081F83500FFE7049967
:103DA000002081F83400FFE704980168086820F0DB
:103DB00001000860FFE7049800680068C00790B140
:103DC000FFE700F0FDFA0299401A06280AD3FFE740
:103DD0000499202048650499032081F835008DF866
:103DE000170076E0E7E704980068006803900398FE
:103DF00048F23F01CFF2100108400390049900916E
:103E00004868D1F808C0CB680A6940EA0C0018433A
:103E100010434A6910438A691043CA691043096A0A
:103E200001430398084303900498406A042808D18A
:103E3000FFE70499C86A096B01430398084303909C
:103E4000FFE70398049909680860049800684069CE
:103E50000390039820F0070003900498416A0398A8
:103E6000084303900498406A04281AD1FFE7049895
:103E7000816A0398084303900498C06A80B1FFE701
:103E80000498FEF749FD50B1FFE7049940204865CA
:103E90000499012081F835008DF8170019E0FFE73B
:103EA000FFE703980499096848610498FEF708FD44
:103EB00001900498C16D3F20884001998860049961
:103EC00000204865049A012182F835108DF817000A
:103ED000FFE79DF8170006B080BD000080B588B0F0
:103EE000069005910492039300208DF80B0006982C
:103EF000806D0190FFE7069890F83400012804D106
:103F0000FFE702208DF81F0045E00699012081F8A7
:103F10003400FFE7FFE7069890F8350001282BD121
:103F2000FFE70699022081F83500069900204865D0
:103F300006980599049A039BFEF766FD0698C16DE5
:103F40003F2088400199886006980168086840F021
:103F5000160008600698006C38B1FFE70698016803
:103F6000086840F008000860FFE7069801680868E4
:103F700040F00100086009E0FFE70699002081F8A1
:103F80003400FFE702208DF80B00FFE79DF80B00DF
:103F90008DF81F00FFE79DF81F0008B080BD0000EE
:103FA00090B00F900E9100200C900B900A900D9005
:103FB000FFE70D980F2800F2E881FFE70D99012037
:103FC00088400C900E9800680C9908400B900B9854
:103FD0000C99884240F0D481FFE70E98406800F0C9
:103FE0000300012807D0FFE70E98406800F00300A7
:103FF00002282FD1FFE70F9880680A900D984100A2
:10400000032000FA01F10A9888430A900E98C068CC
:104010000D99490000FA01F10A9808430A900A989C
:104020000F9988600F9840680A900D99012000FA56
:1040300001F10A9888430A900E984068C0F3001076
:104040000D9900FA01F10A9808430A900A980F990D
:104050004860FFE70E98406800F00300032818D07E
:10406000FFE70F98C0680A900D984100032000FAFE
:1040700001F10A9888430A900E9880680D994900CA
:1040800000FA01F10A9808430A900A980F99C8604B
:10409000FFE70E98406800F00300022826D1FFE7F2
:1040A0000F980D996FF0030202EA51010844006A6B
:1040B0000A900D9800F0070081000F2000FA01F12E
:1040C0000A9888430A900E9800690D9901F007013B
:1040D000890000FA01F10A9808430A900A980F999A
:1040E0000D9B02EA530211440862FFE70F98006833
:1040F0000A900D984100032000FA01F10A988843C4
:104100000A900E98406800F003000D99490000FAEB
:1041100001F10A9808430A900A980F9908600E98CE
:1041200080798007002800F02A81FFE7FFE7002060
:10413000099043F64400C4F20200016841F4804152
:104140000160006800F4804009900998FFE70D982D
:1041500020F0030043F60801C4F2010140580A9020
:104160000D9800F0030081000F2000FA01F10A9879
:1041700088430A900F980021C4F20201884203D1BB
:10418000FFE7002008907AE00F9840F20041C4F267
:104190000201884203D1FFE7012007906CE00F98ED
:1041A00040F60001C4F20201884203D1FFE7022079
:1041B00006905EE00F9840F60041C4F2020188428A
:1041C00003D1FFE70320059050E00F9841F2000172
:1041D000C4F20201884203D1FFE70420049042E0C8
:1041E0000F9841F20041C4F20201884203D1FFE777
:1041F0000520039034E00F9841F60001C4F202015B
:10420000884203D1FFE70620029026E00F9841F68E
:104210000041C4F20201884203D1FFE70720019068
:1042200018E00F9842F20001C4F20201884203D163
:10423000FFE7082000900AE00F9942F20042C4F222
:1042400002020A20914208BF09200090FFE700986F
:104250000190FFE701980290FFE702980390FFE7C3
:1042600003980490FFE704980590FFE705980690EF
:10427000FFE706980790FFE707980890FFE7089880
:10428000C0B20D9901F00301890000FA01F10A980A
:1042900008430A900A980D9921F0030143F6080299
:1042A000C4F20102885043F60840C4F201000068DD
:1042B0000A900B990A9888430A900E988079C00654
:1042C000002805D5FFE70B990A9808430A90FFE7F5
:1042D0000A9843F60841C4F20101086043F60C4015
:1042E000C4F2010000680A900B990A9888430A906A
:1042F0000E9880798006002805D5FFE70B990A986B
:1043000008430A90FFE70A9843F60C41C4F2010102
:10431000086043F60440C4F2010000680A900B995B
:104320000A9888430A900E9880798007002805D55E
:10433000FFE70B990A9808430A90FFE70A9843F6AB
:104340000441C4F20101086043F60040C4F20100D8
:1043500000680A900B990A9888430A900E98807911
:10436000C00728B1FFE70B990A9808430A90FFE7B6
:104370000A9843F60041C4F201010860FFE7FFE735
:10438000FFE70D9801300D9013E610B07047000064
:1043900082B00190ADF802108DF801209DF8010067
:1043A00028B1FFE7BDF802000199886105E0BDF87A
:1043B0000200000401998861FFE702B07047000025
:1043C00044F26020C2F200000068704740F2200012
:1043D000C2F20000027844F26021C2F200010868D3
:1043E000104408607047000080B543F60041C4F2F5
:1043F0000201086840F400700860086840F48060BA
:104400000860086840F480700860032000F090F8AD
:104410000F2000F005F800F03BF8002080BD000000
:1044200080B582B0009040F21800C2F2000000682F
:1044300040F22001C2F200010A784FF47A71B1FB18
:10444000F2F1B0FBF1F000F00BFE20B1FFE701202C
:104450008DF8070018E000980F280DD8FFE70099A5
:104460004FF0FF30002200F049F8009840F224019C
:10447000C2F20001086003E001208DF8070003E0AC
:1044800000208DF80700FFE79DF8070002B080BD0F
:1044900080B582B0FFE70020019043F64400C4F2EB
:1044A0000200016841F480410160006800F480402E
:1044B00001900198FFE7FFE70020009043F64000DD
:1044C000C4F20200016841F080510160006800F010
:1044D000805000900098FFE76FF001000F2100224C
:1044E00000F00CF802B080BD80B582B08DF80700F6
:1044F0009DF9070003F026FE02B080BD80B586B0AE
:104500008DF81700049103920020029003F032FE10
:1045100002909DF91700019002980499039A02F005
:10452000E1F80146019803F02DFE06B080BD0000C1
:1045300080B582B00190019803F046FE02B080BDC4
:1045400080B584B000200290FFE70020019043F680
:104550004000C4F20200016841F08051016000682F
:1045600000F0805001900198FFE74021C4F20E2135
:1045700001200860FFF724FF0290FFE747F20400E4
:10458000C4F20000006800F48030B0F5803F0DD028
:10459000FFE7FFF715FF0299401AB0F57A7F04D9BB
:1045A000FFE703208DF80F0025E0E7E74421C4F280
:1045B0000E2101200860FFF703FF0290FFE747F29A
:1045C0000400C4F20000006800F40030B0F5003FC1
:1045D0000DD0FFE7FFF7F4FE0299401AB0F57A7F9D
:1045E00004D9FFE703208DF80F0004E0E7E700207F
:1045F0008DF80F00FFE79DF80F0004B080BD0000AC
:1046000080B584B002900191029820B9FFE70120A3
:104610008DF80F0021E1019843F60041C4F2020138
:10462000096801F00F01884212D9FFE7019943F6AA
:104630000040C4F202000170006800F00F00019910
:10464000884204D0FFE701208DF80F0005E1FFE765
:1046500002980078800700282AD5FFE702980078A2
:104660004007002809D5FFE743F60801C4F202011C
:10467000086840F4E0500860FFE7029800780007FF
:10468000002809D5FFE743F60801C4F202010868D3
:1046900040F460400860FFE743F60801C4F20201FD
:1046A000086820F0F000029A926810430860FFE763
:1046B00002980078C00700286ED0FFE70298406893
:1046C000012811D1FFE743F60000C4F202000068A0
:1046D00000F400310020B0EB514F04D1FFE701207E
:1046E0008DF80F00B9E02CE002984068022805D050
:1046F000FFE702984068032811D1FFE743F6000066
:10470000C4F20200006800F000710020B0EB516FAD
:1047100004D1FFE701208DF80F009EE010E043F682
:104720000000C4F20200006800F002010020B0EBBB
:10473000510F04D1FFE701208DF80F008DE0FFE756
:10474000FFE743F60801C4F20201086820F0030005
:10475000029A526810430860FFF732FE0090FFE7AC
:1047600043F60800C4F20200006800F00C00029951
:104770004968B0EB810F0ED0FFE7FFF721FE0099EB
:10478000401A41F28931884204D3FFE703208DF8B3
:104790000F0062E0E4E7FFE7019843F60041C4F24E
:1047A0000201096801F00F01884212D2FFE7019966
:1047B00043F60040C4F202000170006800F00F00F0
:1047C0000199884204D0FFE701208DF80F0044E0F2
:1047D000FFE702980078400700280CD5FFE743F672
:1047E0000801C4F20201086820F4E050029AD2687D
:1047F00010430860FFE702980078000700280DD5F5
:10480000FFE743F60801C4F20201086820F46040A3
:10481000029A126940EAC2000860FFE700F04CF813
:1048200043F60801C4F202010968C9B20A094AF64E
:10483000B061C0F60001895CC84040F21801C2F2C4
:104840000001086040F22400C2F200000068FFF797
:10485000E7FD00208DF80F00FFE79DF80F0004B082
:1048600080BD000040F21800C2F2000000687047EE
:1048700080B5FFF7F7FF43F60801C4F202010968AB
:10488000C1F382224AF6C061C0F60001895CC840CB
:1048900080BD000080B5FFF7E5FF43F60801C4F2D4
:1048A0000201096889B24A0B4AF6C061C0F60001EC
:1048B000895CC84080BD000080B586B000200590AE
:1048C00004900390029043F60800C4F202000068CE
:1048D00000F00C000146019140B1FFE70198042867
:1048E0000AD0FFE7019808280CD04FE042F20040C0
:1048F000C0F2F40002904FE041F60030C0F2B70081
:10490000029049E043F60400C4F20200016801F09D
:104910003F01059100684002002813D5FFE743F6E8
:104920000400C4F202000068C0F3881041F60031B0
:10493000C0F2B701A0FB0101059A0023FBF74BFD74
:10494000049012E043F60400C4F202000068C0F3D1
:10495000881042F20041C0F2F401A0FB0101059A67
:104960000023FBF738FD0490FFE743F60400C4F290
:104970000200006800F44031022000EBD1300390C7
:1049800004980399B0FBF1F0029005E042F2004078
:10499000C0F2F4000290FFE7029806B080BD00006C
:1049A00080B586B00490049820B9FFE701208DF807
:1049B000170050E304980078C007002800F0A58095
:1049C000FFE743F60800C4F20200006800F00C00A4
:1049D000042813D0FFE743F60800C4F20200006881
:1049E00000F00C0008281ED1FFE743F60400C4F2D3
:1049F000020000684002002815D5FFE743F60000DA
:104A0000C4F20200006800F400310020B0EB514F06
:104A100008D0FFE70498406820B9FFE701208DF82F
:104A2000170018E370E0FFE704984068B0F5803F96
:104A300009D1FFE743F60001C4F20201086840F41F
:104A40008030086020E004984068B0F5A02F0DD1B8
:104A5000FFE743F60001C4F20201086840F4802039
:104A60000860086840F4803008600CE043F60001FC
:104A7000C4F20201086820F480300860086820F45D
:104A800080200860FFE7FFE7FFE704984068E8B18F
:104A9000FFE7FFF795FC0390FFE743F60000C4F241
:104AA0000200006800F400310020B0EB514F0CD13F
:104AB000FFE7FFF785FC0399401A652804D3FFE759
:104AC00003208DF81700C6E2E7E71CE0FFF778FC4B
:104AD0000390FFE743F60000C4F20200006800F410
:104AE00000310020B0EB514F0CD0FFE7FFF768FC1E
:104AF0000399401A652804D3FFE703208DF81700B7
:104B0000A9E2E7E7FFE7FFE7FFE7049800788007FF
:104B1000002840F19680FFE743F60800C4F2020047
:104B2000006810F00C0F13D0FFE743F60800C4F242
:104B30000200006800F00C0008282CD1FFE743F6C3
:104B40000400C4F2020000684002002823D4FFE7FA
:104B500043F60000C4F20200006800F002010020E9
:104B6000B0EB510F09D0FFE70498C068012804D0CA
:104B7000FFE701208DF817006DE243F60001C4F253
:104B80000201086820F0F800049A126940EAC200A5
:104B90000860FFE754E00498C06870B3FFE70021A5
:104BA000C4F2472101200860FFF70AFC0390FFE7E9
:104BB00043F60000C4F20200006800F00201002089
:104BC000B0EB510F0CD1FFE7FFF7FAFB0399401A46
:104BD000032804D3FFE703208DF817003BE2E7E743
:104BE00043F60001C4F20201086820F0F800049ABC
:104BF000126940EAC200086021E00021C4F24721A6
:104C000000200860FFF7DCFB0390FFE743F600009D
:104C1000C4F20200006800F002010020B0EB510F66
:104C20000CD0FFE7FFF7CCFB0399401A032804D30D
:104C3000FFE703208DF817000DE2E7E7FFE7FFE746
:104C4000FFE704980078000700284BD5FFE7049899
:104C5000406918B3FFE740F68061C4F247210120A4
:104C60000860FFF7ADFB0390FFE743F67400C4F262
:104C70000200006800F002010020B0EB510F0CD1DF
:104C8000FFE7FFF79DFB0399401A032804D3FFE7D2
:104C900003208DF81700DEE1E7E722E040F68061AF
:104CA000C4F2472100200860FFF78AFB0390FFE76A
:104CB00043F67400C4F20200006800F00201002014
:104CC000B0EB510F0CD0FFE7FFF77AFB0399401AC6
:104CD000032804D3FFE703208DF81700BBE1E7E7C3
:104CE000FFE7FFE7049800784007002840F1CE80F6
:104CF000FFE700208DF8070043F64000C4F20200F1
:104D00000068C000002815D4FFE7FFE700200090EE
:104D100043F64000C4F20200016841F08051016096
:104D2000006800F0805000900098FFE701208DF8A7
:104D30000700FFE747F20000C4F200000068C0056A
:104D4000002822D4FFE747F20001C4F200010868FE
:104D500040F480700860FFF733FB0390FFE747F2F1
:104D60000000C4F200000068C00500280CD4FFE772
:104D7000FFF726FB0399401A032804D3FFE703201B
:104D80008DF8170067E1EAE7FFE7FFE7049880681E
:104D9000012809D1FFE743F67001C4F20201086857
:104DA00040F0010008601FE00498806805280DD1DC
:104DB000FFE743F67001C4F20201086840F0040006
:104DC0000860086840F0010008600CE043F67001DC
:104DD000C4F20201086820F001000860086820F0B1
:104DE00004000860FFE7FFE7FFE704988068F8B178
:104DF000FFE7FFF7E5FA0390FFE743F67000C4F220
:104E00000200006800F002010020B0EB510F0ED14B
:104E1000FFE7FFF7D5FA0399401A41F2893188423A
:104E200004D3FFE703208DF8170014E1E5E71EE047
:104E3000FFF7C6FA0390FFE743F67000C4F20200E2
:104E4000006800F002010020B0EB510F0ED0FFE728
:104E5000FFF7B6FA0399401A41F28931884204D328
:104E6000FFE703208DF81700F5E0E5E7FFE79DF881
:104E70000700012809D1FFE743F64001C4F202010F
:104E8000086820F080500860FFE7FFE70498806919
:104E9000002800F0DC80FFE743F60800C4F20200BF
:104EA000006800F00C00082800F08580FFE70498F7
:104EB000806902285CD1FFE76021C4F2472100200D
:104EC0000860FFF77DFA0390FFE743F60000C4F2A5
:104ED0000200006800F000710020B0EB516F0CD0B0
:104EE000FFE7FFF76DFA0399401A032804D3FFE7A1
:104EF00003208DF81700AEE0E7E70499C869D1F800
:104F000020C04B6A8A6A40EA0C0040EA8310D20350
:104F10004FF6FF739A43A2F580321043C96A40EA04
:104F2000016043F60401C4F2020108606021C4F28A
:104F3000472101200860FFF743FA0390FFE743F69B
:104F40000000C4F20200006800F000710020B0EB25
:104F5000516F0CD1FFE7FFF733FA0399401A03288A
:104F600004D3FFE703208DF8170074E0E7E721E0A2
:104F70006021C4F2472100200860FFF721FA039066
:104F8000FFE743F60000C4F20200006800F0007181
:104F90000020B0EB516F0CD0FFE7FFF711FA039937
:104FA000401A032804D3FFE703208DF8170052E0CE
:104FB000E7E7FFE74AE004988069012804D1FFE7AA
:104FC00001208DF8170046E043F60400C4F2020009
:104FD0000068029004988069012831D0FFE70298A8
:104FE00000F480000499C969884229D1FFE702983A
:104FF00000F03F000499096A884221D1FFE7029836
:1050000047F6C07108400499496AB0EB811F17D177
:10501000FFE7029800F440300499896AC9034FF60B
:10502000FF729143A1F58031884209D1FFE70298D0
:1050300000F070600499C96AB0EB016F04D0FFE71B
:1050400001208DF8170006E0FFE7FFE7FFE70020EB
:105050008DF81700FFE79DF8170006B080BD00002F
:1050600080B582B00190019801F0C4FB02B080BD10
:1050700085B003900291FFE7039890F83C00012867
:1050800004D1FFE702208DF813007EE00399012090
:1050900081F83C00FFE7FFE70399022081F83D001B
:1050A0000398006840680190039800688068009049
:1050B000019820F07000019002980168019808435F
:1050C00001900198039909684860039800680021DD
:1050D000C4F2010188423CD0FFE703980068B0F1B8
:1050E000804F36D0FFE70398006840F20041C4F2D9
:1050F000000188422DD0FFE70398006840F60001C8
:10510000C4F20001884224D0FFE70398006840F60B
:105110000041C4F2000188421BD0FFE703980068F9
:1051200040F20041C4F20101884212D0FFE7039827
:10513000006844F20001C4F20101884209D0FFE78F
:105140000398006841F60001C4F2000188420ED1C4
:10515000FFE7009820F080000090029841680098D6
:10516000084300900098039909688860FFE7039955
:10517000012081F83D00FFE70399002081F83C0001
:10518000FFE700208DF81300FFE79DF8130005B03E
:105190007047000080B582B00090009820B9FFE70A
:1051A00001208DF807003FE0009890F83D0040B9DD
:1051B000FFE70099002081F83C00009800F038F8E3
:1051C000FFE70099022081F83D00009951F8040B97
:1051D00001F0B6FB0099012081F84600FFE7009935
:1051E000012081F83E00009981F83F00009981F884
:1051F0004000009981F84100FFE7FFE70099012096
:1052000081F84200009981F84300009981F8440038
:10521000009981F84500FFE70099012081F83D00E1
:1052200000208DF80700FFE79DF8070002B080BD61
:1052300083B002900298006840F60001C4F20001B9
:10524000884212D1FFE7FFE70020019043F64000BB
:10525000C4F20200016841F004010160006800F03E
:10526000040001900198FFE71BE00298006840F6F7
:105270000041C4F20001884212D1FFE7FFE700209D
:10528000009043F64000C4F20200016841F00801BA
:105290000160006800F0080000900098FFE7FFE759
:1052A000FFE703B07047000080B586B0049003911B
:1052B00000208DF80B00FFE7049890F83C000128CF
:1052C00004D1FFE702208DF81700ABE0049901201C
:1052D00081F83C00FFE7FFE70499022081F83D00D8
:1052E0000498006880680190019820F07700019090
:1052F000019820F47F400190019804990968886022
:10530000039800680090002872D0FFE700981028EA
:105310006ED0FFE7009820286AD0FFE70098302879
:1053200066D0FFE70098402855D0FFE70098502846
:1053300037D0FFE70098602840D0FFE7009870283A
:105340000BD0FFE70098B0F5805F05D0FFE700982D
:10535000B0F5005F16D052E055E004980068039B5A
:105360005A689968DB6801F0DFFB04980068806880
:105370000190019840F07700019001980499096824
:10538000886040E004980068039B5A689968DB686D
:1053900001F0CAFB04980168886840F48040886086
:1053A00031E004980068039A5168D26801F0A8FDC2
:1053B00004980068502101F0D1FB24E004980068B3
:1053C000039A5168D26801F0C3FD04980068602117
:1053D00001F0C4FB17E004980068039A5168D26892
:1053E00001F08EFD04980068402101F0B7FB0AE04F
:1053F000049800680399096801F0B0FB03E00120FC
:105400008DF80B00FFE70499012081F83D00FFE7CC
:105410000499002081F83C00FFE79DF80B008DF80F
:105420001700FFE79DF8170006B080BD80B58CB06F
:105430000B9000200A9009900890079006900B9816
:10544000006840F60001C4F20001884222D1FFE763
:10545000FFE70020059043F63000C4F20200016827
:1054600041F008010160006800F00800059005980F
:10547000FFE74FF47040069002200790002108914A
:1054800009910A9040F60040C4F2020006A9FEF716
:1054900087FD4EE00B98006840F60041C4F2000121
:1054A000884245D1FFE7FFE70020049043F6300033
:1054B000C4F20200016841F480710160006800F4E8
:1054C000807004900498FFE7FFE70020039043F604
:1054D0003000C4F20200016841F080010160006800
:1054E00000F0800003900398FFE70120069002205F
:1054F0000190079000210091089109910A9042F2D1
:105500000000C4F2020006A90291FEF749FD009ACC
:10551000019802994FF4E05306930790089209927C
:105520000A9041F60040C4F20200FEF739FDFFE7A1
:10553000FFE70CB080BD000080B586B004900391F9
:10554000029200208DF80700FFE7049890F83C00D5
:10555000012804D1FFE702208DF8170089E00499A3
:10556000012081F83C00FFE7FFE7029800900C283B
:1055700000F270800099DFE801F0076D6D6D206D1D
:105580006D6D3A6D6D6D530004980068039901F0DC
:10559000FBFA04980168886940F008008861049863
:1055A0000168886920F00400886103980269049802
:1055B000016888691043886150E004980068039985
:1055C00001F058FB04980168886940F40060886124
:1055D00004980168886920F48060886103980269F2
:1055E00004980168886940EA0220886136E00498DE
:1055F0000068039901F0B8FB04980168C86940F09D
:105600000800C86104980168C86920F00400C861F6
:105610000398026904980168C8691043C8611DE0D5
:1056200004980068039901F019FC04980168C8699E
:1056300040F40060C86104980168C86920F4806083
:10564000C8610398026904980168C86940EA0220A9
:10565000C86103E001208DF80700FFE7FFE7049928
:10566000002081F83C00FFE79DF807008DF8170047
:10567000FFE79DF8170006B080BD000080B582B03E
:105680000090009820B9FFE701208DF807003FE067
:10569000009890F83D0040B9FFE70099002081F89C
:1056A0003C00009800F038F8FFE70099022081F8EC
:1056B0003D00009951F8040B01F042F900990120D6
:1056C00081F84600FFE70099012081F83E0000992B
:1056D00081F83F00009981F84000009981F841006D
:1056E000FFE7FFE70099012081F84200009981F867
:1056F0004300009981F84400009981F84500FFE7D4
:105700000099012081F83D0000208DF80700FFE797
:105710009DF8070002B080BD81B0009001B07047D5
:1057200080B58CB00A900991099828B9FFE70A98CA
:1057300090F83E0007901CE00998042805D1FFE787
:105740000A9890F83F00069010E00998082805D1C3
:10575000FFE70A9890F84000059004E00A9890F856
:1057600041000590FFE705980690FFE7069807902F
:10577000FFE70798012804D0FFE701208DF82F00EC
:10578000AFE0099828B9FFE70A99022081F83E00A6
:105790001EE00998042806D1FFE70A99022081F843
:1057A0003F00049012E00998082806D1FFE70A9903
:1057B000022081F84000039005E00A99022081F858
:1057C00041000390FFE703980490FFE70498FFE788
:1057D0000A98006809990122019201F089F901985B
:1057E0000A9909680022C4F20102914202900CD089
:1057F000FFE70A9800684FF60041CBF6FE710844B7
:10580000B0FA80F040090290FFE70298C00738B173
:10581000FFE70A980168486C40F400404864FFE7DD
:105820000A9800680021C4F2010188423CD0FFE7D9
:105830000A980068B0F1804F36D0FFE70A980068F8
:1058400040F20041C4F2000188422DD0FFE70A98DF
:10585000006840F60001C4F20001884224D0FFE74E
:105860000A98006840F60041C4F2000188421BD04B
:10587000FFE70A98006840F20041C4F20101884243
:1058800012D0FFE70A98006844F20001C4F2010157
:10589000884209D0FFE70A98006841F60001C4F287
:1058A0000001884212D1FFE70A980068806800F082
:1058B000070008900898062807D0FFE70A980168B3
:1058C000086840F001000860FFE706E00A980168F8
:1058D000086840F001000860FFE700208DF82F0005
:1058E000FFE79DF82F000CB080BD000080B586B0AA
:1058F00004900391ADF80A20049890F84200202803
:105900004DD1FFE7039820B1FFE7BDF80A0020B9A9
:10591000FFE701208DF8170045E004990120086396
:1059200004990020486304980399BDF80A2001F007
:1059300001FE8DF809009DF8090058BBFFE70498A7
:10594000006B012821D1FFE7FFE7002001900498B8
:105950000068006801900498006840680190019810
:10596000FFE7FFE7FFE70498006850E8030F40F007
:1059700010000090FFE700990498026842E80310C5
:105980000028F0D1FFE7FFE703E001208DF80900D0
:10599000FFE7FFE79DF809008DF8170003E00220FC
:1059A0008DF81700FFE79DF8170006B080BD0000D6
:1059B00080B584B00390ADF80A1000208DF809007E
:1059C000FFE79DF8090040F20941C2F200010978A1
:1059D000884254DAFFE703989DF8092044F25421E5
:1059E000C2F2000151F82210D1F8041188423FD1CF
:1059F000FFE79DF8091044F25420C2F2000050F86D
:105A00002100D0F80801B0B1FFE79DF8091044F279
:105A10005420C2F20000019050F82100D0F8080193
:105A2000804701989DF8091050F82100BDF80A1030
:105A3000FAF7BDFDFFE79DF8091044F25420C2F2C9
:105A40000000009050F82110D1F8040191F80021D5
:105A5000FFF74CFF00989DF8091050F82100D0F88E
:105A60000401C06B0168086820F00800086006E0C7
:105A7000FFE79DF8090001308DF80900A1E704B0A7
:105A800080BD000080B584B0039000208DF80B002D
:105A9000FFE79DF80B0040F20941C2F200010978CE
:105AA000884232DAFFE703989DF80B2044F2542134
:105AB000C2F2000151F82210D1F8041188421DD120
:105AC000FFE79DF80B1044F25420C2F20000019051
:105AD00050F82110D1F8040191F80021FFF706FFDA
:105AE00001989DF80B1050F82100D0F80401C06B0C
:105AF0000168086820F00800086006E0FFE79DF8EC
:105B00000B0001308DF80B00C3E704B080BD00002E
:105B100080B592B0119011980068006810901198AB
:105B20000068C0680F901198006840690E900020CE
:105B30000D900C90109800F00F000D900D9888B902
:105B4000FFE79DF84000800600280AD5FFE79DF892
:105B50003C008006002804D5FFE7119801F096FB71
:105B6000EAE1FFE70D98002800F0C280FFE79DF80A
:105B70003800C00738B9FFE7BDF83C0010F4907F4B
:105B800000F0B680FFE79DF84000C00758B1FFE77E
:105B90009DF83D00C00730B1FFE71199486C40F017
:105BA00001004864FFE79DF84000400700280BD53E
:105BB000FFE79DF83800C00730B1FFE71199486C46
:105BC00040F002004864FFE79DF84000800700288D
:105BD0000BD5FFE79DF83800C00730B1FFE71199FA
:105BE000486C40F004004864FFE79DF8400000075F
:105BF000002811D5FFE79DF83C008006002805D459
:105C0000FFE79DF83800C00730B1FFE71199486CF5
:105C100040F008004864FFE71198406C002866D007
:105C2000FFE79DF84000800600280AD5FFE79DF8B1
:105C30003C008006002804D5FFE7119801F026FB00
:105C4000FFE7119800684069C0F380100C9011982C
:105C5000406C0007002804D4FFE70C9800283ED0D1
:105C6000FFE7119801F098FA119800684069400622
:105C700000282FD5FFE7FFE7FFE71198006850E8FD
:105C8000050F20F040000B90FFE70B991198026878
:105C900042E805100028F0D1FFE7FFE71198C06B3C
:105CA00098B1FFE71198C16B46F6D570C0F60000B9
:105CB00008651198C06BFDF7A7FE28B1FFE71198A2
:105CC000C06B016D8847FFE703E01198FFF7DAFE2C
:105CD000FFE703E01198FFF7D5FEFFE706E0119814
:105CE000FFF7D0FE119900204864FFE7FFE723E1AA
:105CF0001198006B012840F0FF80FFE79DF84000FD
:105D0000C006002840F1F880FFE79DF83C00C0067F
:105D1000002840F1F180FFE7FFE700200A9011988A
:105D2000006800680A901198006840680A900A9814
:105D3000FFE71198006840694006002840F1828022
:105D4000FFE71198C06B00684068ADF82600BDF809
:105D50002600002875D0FFE7BDF826001199898D2F
:105D600088426EDAFFE7BDF826001199C8851198C0
:105D7000C06BC069B0F5807F58D0FFE7FFE7FFE751
:105D80001198006850E8030F20F480700890FFE736
:105D900008991198026842E803100028F0D1FFE743
:105DA000FFE7FFE7FFE71198006850E8050F20F0D4
:105DB00001000790FFE707991198026842E8051073
:105DC0000028F0D1FFE7FFE7FFE7FFE71198006841
:105DD00050E8050F20F040000690FFE70699119863
:105DE000026842E805100028F0D1FFE7FFE71199AB
:105DF000202081F84200119900200863FFE7FFE7A7
:105E00001198006850E8030F20F010000590FFE79C
:105E100005991198026842E803100028F0D1FFE7C5
:105E2000FFE71198C06BFDF779FDFFE7119902209C
:105E300048631198818DC28D891A89B2FFF7B8FD28
:105E4000FFE779E01199888DC98D401AADF81200ED
:105E50001198C08D00284ED0FFE7BDF81200002831
:105E600049D0FFE7FFE7FFE71198006850E8030F0C
:105E700020F490700390FFE703991198026842E8BC
:105E800003100028F0D1FFE7FFE7FFE7FFE71198D5
:105E9000006850E8050F20F001000290FFE702992A
:105EA0001198026842E805100028F0D1FFE7FFE7EB
:105EB0001199202081F84200119900200863FFE722
:105EC000FFE71198006850E8030F20F010000190E0
:105ED000FFE701991198026842E803100028F0D109
:105EE000FFE7FFE71199022048631198BDF81210EF
:105EF000FFF75EFDFFE71FE09DF840000006002869
:105F00000AD5FFE79DF83C000006002804D5FFE70E
:105F1000119801F095FB0FE09DF840004006002825
:105F20000AD5FFE79DF83C004006002804D5FFE7AE
:105F3000119801F07BF9FFE712B080BD80B582B007
:105F40000090009820B9FFE701208DF8070040E09D
:105F50000098806908B1FFE700E0FFE7009890F83B
:105F6000410040B9FFE70099002081F84000009807
:105F700000F034F8FFE70099242081F841000098F0
:105F80000168C86820F40050C860009801F034FA35
:105F900000980168086920F4904008610098016841
:105FA000486920F02A00486100980168C86840F4F8
:105FB0000050C860009900204864009A202182F8AF
:105FC0004110009A82F84210009948638DF807004A
:105FD000FFE79DF8070002B080BD000080B58EB0DD
:105FE0000D9000200C900B900A90099008900D984D
:105FF000006844F60001C4F20001884235D1FFE791
:10600000FFE70020079043F64000C4F20200016859
:1060100041F480210160006800F480200790079817
:10602000FFE7FFE70020069043F63000C4F20200CD
:10603000016841F008010160006800F00800069066
:106040000698FFE74FF44070089002200990002066
:106050000A9003200B9007200C9040F60040C4F2F9
:10606000020008A9FDF79CFF73E00D98006841F25B
:106070000041C4F2010188426AD1FFE7FFE7002036
:10608000059043F64400C4F20200016841F020018B
:106090000160006800F0200005900598FFE7FFE729
:1060A0000020049043F63000C4F20200016841F081
:1060B00040010160006800F0400004900498FFE790
:1060C0004FF48440089002200990002002900A902A
:1060D00003200B9008200C9041F60000C4F202004F
:1060E00008A9FDF75DFF029940F28420C2F200008A
:1060F000039046F22842C4F2020202604FF020628E
:1061000042608160C1604FF48062026141618161DF
:10611000C1614FF4803202624162FDF727FE18B17F
:10612000FFE7FCF79BFCFFE7FFE70D9840F28421B7
:10613000C2F20001C1630D988863FFE74720019018
:1061400005210022FEF7DAF90198FEF7CDF9FFE705
:10615000FFE70EB080BD000081B0009001B0704735
:1061600081B0009001B0704781B0009001B07047DD
:10617000FFE7FEE780B582B040F23420C2F20000B3
:10618000019046F20041C4F2000101600921416022
:1061900000218160C1604FF4803202614FF48012AF
:1061A00042610176012242768176C276017741779B
:1061B000FDF76AF918B1FFE7FCF750FCFFE702B002
:1061C00080BD000080B582B040F25C20C2F20000C9
:1061D000019046F60001C4F200010160092141600E
:1061E00000218160C1604FF4803202614FF480125F
:1061F00042610176012242768176C276017741774B
:10620000FDF742F918B1FFE7FCF728FCFFE702B001
:1062100080BD000080B582B0FFE70020019043F60A
:106220003000C4F20200016841F48001016000689E
:1062300000F4800001900198FFE7392000900521CB
:106240000022FEF75BF90098FEF74EF902B080BD20
:1062500010B588B04AF69460C0F600000168426844
:106260008368D0F80CC0D0F810E044690694CDF8EB
:1062700014E0CDF810C00393029201918069079059
:1062800001A8002102F006FB40F23021C2F2000119
:10629000086008B010BD000080B592B000201190D9
:1062A00010900F900E900D90FFE700200C9043F699
:1062B0003000C4F20200016841F040010160006852
:1062C00000F040000C900C98FFE7FFE700200B90D7
:1062D00043F63000C4F20200016841F001010160A0
:1062E000006800F001000B900B98FFE7FFE700202B
:1062F0000A9043F63000C4F20200016841F4807154
:106300000160006800F480700A900A98FFE7FFE7D8
:106310000020099043F63000C4F20200016841F009
:1063200080010160006800F0800009900998FFE793
:10633000FFE70020089043F63000C4F20200016835
:1063400041F008010160006800F00800089008981A
:10635000FFE7FFE70020079043F63000C4F2020099
:10636000016841F002010160006800F0020007903E
:106370000798FFE742F20000C4F2020001904FF4D8
:106380000071009100220492FEF702F8049A41F68F
:106390000040C4F2020005903C210291FDF7F8FF95
:1063A000009A019804990D92012203920E920F9186
:1063B00010910DA90691FDF7F3FDDDF808C0039BD0
:1063C000049A05980699CDF834C00E930F92109256
:1063D000FDF7E6FD12B080BD80B58EB000210091C2
:1063E0000D910C910B910A910991089107910691D9
:1063F0000591049103910291019140F2E420C2F2CF
:10640000000040F60002C4F200020260592242601D
:10641000816042F20F72C260016180218161FEF7EA
:10642000B9FE18B1FFE7FCF719FBFFE74FF4805006
:106430000A9040F2E420C2F200000AA9FEF734FFFD
:1064400018B1FFE7FCF70AFBFFE740F2E420C2F2D5
:106450000000FFF713F918B1FFE7FCF7FFFAFFE7B9
:1064600000200890099040F2E420C2F2000008A940
:10647000FEF7FEFD18B1FFE7FCF7F0FAFFE760203A
:106480000190002202920392059240F2E420C2F2AF
:10649000000001A9FFF750F818B1FFE7FCF7DEFA9A
:1064A000FFE740F2E420C2F2000001A90422FFF756
:1064B00043F818B1FFE7FCF7D1FAFFE740F2E42018
:1064C000C2F2000001A90822FFF736F818B1FFE771
:1064D000FCF7C4FAFFE740F2E420C2F2000001A991
:1064E0000C22FFF729F818B1FFE7FCF7B7FAFFE72E
:1064F00040F2E420C2F20000FEF798FF0EB080BD2B
:1065000080B58EB0002100910D910C910B910A91F4
:1065100009910891079106910591049103910291C7
:10652000019140F22C30C2F2000040F60042C4F269
:106530000002026059224260816042F20F72C26022
:10654000016180218161FEF725FE18B1FFE7FCF7AC
:1065500085FAFFE74FF480500A9040F22C30C2F2E7
:1065600000000AA9FEF7A0FE18B1FFE7FCF776FAD3
:10657000FFE740F22C30C2F20000FFF77FF818B1BD
:10658000FFE7FCF76BFAFFE700200890099040F264
:106590002C30C2F2000008A9FEF76AFD18B1FFE72F
:1065A000FCF75CFAFFE76020019000220292039260
:1065B000059240F22C30C2F2000001A9FEF7BCFFA8
:1065C00018B1FFE7FCF74AFAFFE740F22C30C2F2BD
:1065D000000001A90422FEF7AFFF18B1FFE7FCF7A6
:1065E0003DFAFFE740F22C30C2F2000001A9082278
:1065F000FEF7A2FF18B1FFE7FCF730FAFFE740F221
:106600002C30C2F2000001A90C22FEF795FF18B150
:10661000FFE7FCF723FAFFE740F22C30C2F200005C
:10662000FEF704FF0EB080BD80B582B040F274303A
:10663000C2F20000019044F60001C4F200010160C2
:106640004FF4E131416000218160C16001610C22A1
:1066500042618161C161FFF771FC18B1FFE7FCF78E
:10666000FDF9FFE702B080BD80B582B040F2BC30DA
:10667000C2F20000019041F20041C4F20101016048
:106680004FF4E131416000218160C16001610C2261
:1066900042618161C161FFF751FC18B1FFE7FCF76E
:1066A000DDF9FFE702B080BDFFE7FEE780B582B00D
:1066B00040F2B040C2F20000694648600520086020
:1066C00048F26150C0F600004BF28E01C0F60001A6
:1066D0004FF40072002303F041F902B080BD0000C6
:1066E000FFE7FEE788B0079006910592079800F053
:1066F000070004900498C0F10700052803D3FFE7C2
:106700000420019004E00498C0F107000190FFE725
:106710000198039004980430062803D8FFE700206E
:10672000009003E0049803380090FFE7009802907F
:1067300006980399012202FA01F101390840029BEF
:10674000984005999A40013A1140084308B07047B3
:10675000EFF30980BFF36F8F154B1A681EF0100F0F
:1067600008BF20ED108A20E9F04F10602DE90900E4
:106770004FF0500080F31188BFF34F8FBFF36F8F3E
:1067800002F0C2FF4FF0000080F31188BDE809005D
:1067900019680868B0E8F04F1EF0100F08BFB0ECA1
:1067A000108A80F30988BFF36F8F704700BF00BF66
:1067B0000C040020000000000000000000000000A9
:1067C000074B19680868B0E8F04F80F30988BFF3F9
:1067D0006F8F4FF0000080F31188704700BF00BF3B
:1067E0000C04002080B582B00190FFE7012002F088
:1067F00037F8FBE780B582B0009000980138B0F11F
:10680000807F03D3FFE70120019019E00098013851
:106810004EF21401CEF2000108604FF0FF300F215C
:1068200001F0B0FC4EF21801CEF200010020086029
:106830004EF21002CEF20002072111600190FFE734
:10684000019802B080BD000080B5FDF7BFFD03F0E8
:106850003DF9012803D0FFE703F062F8FFE780BDB0
:1068600080B594B008A83021F9F7A1FE0020079068
:106870000690059004900390FFE70020029043F6F5
:106880004000C4F20200016841F0805101600068DC
:1068900000F0805002900298FFE7FFE7002001908F
:1068A00047F20000C4F20000016841F44041016079
:1068B000006800F4404001900198FFE70120089033
:1068C0004FF48030099002200E904FF480010F9118
:1068D00006211091B421119112900420139008A860
:1068E000FEF75EF818B1FFE7FCF7B8F8FFE7FDF731
:1068F00027FE18B1FFE7FCF7B1F8FFE70F20039080
:1069000002200490002005904FF4A05006904FF410
:106910008050079003A80521FDF772FE18B1FFE72C
:10692000FCF79CF8FFE714B080BD00004EF68851DC
:10693000CEF20001086840F4700008607047000063
:1069400083B00290019102980068009002980021A3
:10695000C4F20101884225D0FFE70298B0F1804FD0
:1069600020D0FFE7029840F20041C4F200018842C3
:1069700018D0FFE7029840F60001C4F200018842F7
:1069800010D0FFE7029840F60041C4F200018842AF
:1069900008D0FFE7029840F20041C4F201018842AA
:1069A0000AD1FFE7009820F070000090019841683C
:1069B000009808430090FFE702980021C4F201010B
:1069C000884255D0FFE70298B0F1804F50D0FFE7E2
:1069D000029840F20041C4F20001884248D0FFE72B
:1069E000029840F60001C4F20001884240D0FFE75F
:1069F000029840F60041C4F20001884238D0FFE717
:106A0000029840F20041C4F20101884230D0FFE711
:106A1000029844F20001C4F20101884228D0FFE745
:106A2000029844F20041C4F20101884220D0FFE7FD
:106A3000029844F60001C4F20101884218D0FFE731
:106A4000029841F60001C4F20001884210D0FFE72D
:106A5000029841F60041C4F20001884208D0FFE7E5
:106A6000029842F20001C4F2000188420AD1FFE715
:106A7000009820F4407000900198C1680098084385
:106A80000090FFE7009820F08000019949690843D1
:106A90000090009802990860019880680299C86285
:106AA000019800680299886202980021C4F20101ED
:106AB000884208D0FFE7029840F20041C4F2010189
:106AC000884205D1FFE70198006902990863FFE752
:106AD00002990120486102980069C00730B1FFE7C0
:106AE0000299086920F001000861FFE703B07047D0
:106AF00084B0039002910192029800F01F010120DE
:106B000088400090009A0399086A904308620198AF
:106B1000029901F01F0100FA01F20399086A10437B
:106B2000086204B07047000085B00490039102929F
:106B30000193049880680090009820F47F400090B2
:106B400003980299019A41EA0221014300980843FF
:106B5000009000980499886005B0704783B0029057
:106B60000191029880680090009820F070000090D9
:106B700001980099084340F007000090009802999E
:106B8000886003B07047000085B0049003910498BA
:106B9000006A01900499086A20F0010008620498D4
:106BA00040680090049880690290029820F070007C
:106BB0000290029820F00300029003980168029866
:106BC00008430290019820F0020001900398816828
:106BD00001980843019004980021C4F20101884201
:106BE00008D0FFE7049840F20041C4F20101884256
:106BF0000ED1FFE7019820F0080001900398C168CA
:106C0000019808430190019820F004000190FFE7EB
:106C100004980021C4F20101884208D0FFE70498DB
:106C200040F20041C4F20101884213D1FFE700980D
:106C300020F480700090009820F400700090039879
:106C400041690098084300900398816900980843BF
:106C50000090FFE7009804994860029804998861C1
:106C6000039840680499486301980499086205B044
:106C70007047000085B0049003910498006A019069
:106C80000499086A20F01000086204984068009097
:106C9000049880690290029820F4E04002900298E3
:106CA00020F44070029003980168029840EA0120A5
:106CB0000290019820F020000190039881680198CB
:106CC00040EA0110019004980021C4F201018842B9
:106CD00008D0FFE7049840F20041C4F20101884265
:106CE0000FD1FFE7019820F0800001900398C16860
:106CF000019840EA01100190019820F040000190B5
:106D0000FFE704980021C4F20101884208D0FFE7A0
:106D1000049840F20041C4F20101884215D1FFE716
:106D2000009820F480600090009820F400600090AB
:106D300003984169009840EA8100009003988169B6
:106D4000009840EA81000090FFE7009804994860AD
:106D500002980499886103984068049988630198AF
:106D60000499086205B0704785B0049003910498B7
:106D7000006A01900499086A20F4807008620498FF
:106D8000406800900498C0690290029820F070005A
:106D90000290029820F00300029003980168029884
:106DA00008430290019820F40070019003988168D4
:106DB000019840EA0120019004980021C4F20101E9
:106DC000884208D0FFE7049840F20041C4F2010174
:106DD00088420FD1FFE7019820F4006001900398EA
:106DE000C168019840EA01200190019820F4806078
:106DF0000190FFE704980021C4F20101884208D005
:106E0000FFE7049840F20041C4F20101884215D125
:106E1000FFE7009820F480500090009820F4005084
:106E2000009003984169009840EA0110009003988F
:106E30008169009840EA01100090FFE700980499EA
:106E4000486002980499C861039840680499C8632F
:106E500001980499086205B07047000085B004905D
:106E600003910498006A01900499086A20F4805004
:106E700008620498406800900498C06902900298E3
:106E800020F4E0400290029820F4407002900398B1
:106E90000168029840EA01200290019820F4005015
:106EA000019003988168019840EA013001900498AC
:106EB0000021C4F20101884208D0FFE7049840F2A3
:106EC0000041C4F2010188420BD1FFE7009820F491
:106ED0008040009003984169009840EA811000903A
:106EE000FFE700980499486002980499C8610398E4
:106EF00040680499086401980499086205B07047D5
:106F000085B00490039102920498006A009004995D
:106F1000086A20F0010008620498806901900198D5
:106F200020F0F00001900299019840EA01100190D0
:106F3000009820F00A000090039900980843009000
:106F400001980499886100980499086205B0704717
:106F500085B00490039102920498006A009004990D
:106F6000086A20F010000862049880690190019876
:106F700020F4704001900299019840EA013001909C
:106F8000009820F0A00000900399009840EA0110BA
:106F9000009001980499886100980499086205B0EE
:106FA0007047000080B584B00020039002900190EB
:106FB00040F2BC31C2F20001029140218DF8041070
:106FC000039040F24050C2F2000001A900F08AFB99
:106FD00004B080BD80B582B001900198806B0090B4
:106FE00000990020C8850099C8840098FEF74AFDE2
:106FF00002B080BD80B584B0039000200290039859
:10700000806B0190019800684069C0B2C00902908D
:10701000019890F8410021280AD1FFE7029838B181
:10702000FFE701990020C884019800F013F9FFE7F9
:10703000019800684069C0F380100290019890F8B0
:10704000420022280AD1FFE7029838B1FFE70199F0
:107050000020C885019800F09FF8FFE70199486C6F
:1070600040F0100048640198FEF70CFD04B080BDAC
:1070700080B586B005900598806B049005980068EF
:107080000068C00500285AD4FFE704990020C8858D
:10709000FFE7FFE70498006850E8030F20F48070D2
:1070A0000390FFE703990498026842E80310002860
:1070B000F0D1FFE7FFE7FFE7FFE70498006850E83B
:1070C000050F20F001000290FFE702990498026882
:1070D00042E805100028F0D1FFE7FFE7FFE7FFE7F0
:1070E0000498006850E8050F20F040000190FFE789
:1070F00001990498026842E805100028F0D1FFE7E2
:10710000FFE70499202081F842000498006B0128D1
:1071100014D1FFE7FFE7FFE70498006850E8030F8A
:1071200020F010000090FFE700990498026842E800
:1071300003100028F0D1FFE7FFE7FFE7FFE704991E
:10714000002048630498006B012805D1FFE70498EC
:10715000818DFEF72DFC03E00498FEF7FDFFFFE7AD
:1071600006B080BD80B582B001900198806B009020
:107170000099012048630098006B012806D1FFE7C1
:107180000098818D4908FEF713FC03E00098FEF794
:10719000E7FFFFE702B080BD84B00390FFE7FFE7A1
:1071A0000398006850E8030F20F490700290FFE706
:1071B00002990398026842E803100028F0D1FFE723
:1071C000FFE7FFE7FFE70398006850E8050F20F0AE
:1071D00001000190FFE701990398026842E8051059
:1071E0000028F0D1FFE7FFE70398006B012814D1D6
:1071F000FFE7FFE7FFE70398006850E8030F20F080
:1072000010000090FFE700990398026842E803101D
:107210000028F0D1FFE7FFE7FFE70399202081F87E
:10722000420003990020086304B0704780B582B023
:10723000019001980168C86820F04000C860019979
:10724000202081F841000198FEF78EFF002002B057
:1072500080BD000082B00190FFE7FFE70198006861
:1072600050E8030F20F0C0000090FFE7009901985C
:10727000026842E803100028F0D1FFE7FFE7019918
:10728000202081F8410002B07047000080B586B030
:107290000490049890F84200222840F0A480FFE770
:1072A00004988068B0F5805F15D1FFE70498006905
:1072B00088B9FFE7002003900498806A0290049840
:1072C000006840686FF35F20029908800499886A1B
:1072D0000230886225E00498806A039000200290C2
:1072E00004988068B0F5805F08D0FFE70498806854
:1072F00050B9FFE70498006930B9FFE704980068C7
:1073000040680399087007E004980068406800F03E
:107310007F0003990870FFE70499886A013088624A
:10732000FFE70499C88D0138C8850004002856D1AC
:10733000FFE704980168C86820F02000C86004983E
:107340000168C86820F48070C860049801684869C2
:1073500020F0010048610499202081F8420004993E
:10736000002048630498006B012830D1FFE704999E
:1073700000200863FFE7FFE70498006850E8030F68
:1073800020F010000190FFE701990498026842E89C
:1073900003100028F0D1FFE7FFE7049800680068B9
:1073A000C00600280ED5FFE7FFE7002000900498F4
:1073B0000068006800900498006840680090009899
:1073C000FFE7FFE70498818DFEF7F2FA03E00498E7
:1073D000FEF7C2FEFFE700208DF8170007E000204F
:1073E0008DF8170003E002208DF81700FFE79DF8E5
:1073F000170006B080BD000080B586B005900598E6
:107400000068006920F44050059A1168D268104362
:107410000861059988680B694A69C969184310436E
:107420000843049005980068C06849F20C618843DD
:107430000499084305990968C8600598006840697F
:1074400020F44070059A11689269104348610598CC
:10745000006841F20001C4F20101884209D0FFE74F
:107460000598006841F20041C4F20101884204D14C
:10747000FFE7FDF70FFA039003E0FDF7F9F903903A
:10748000FFE70598C069B0F5004F29D1FFE70398E1
:107490001921A0FB0101059A1368029353685A0051
:1074A000DB0FF8F798FF0299864648F21F53C5F2A2
:1074B000EB13AEFB0320420910014FF0640C02FBFA
:1074C0001CEC322202EBCC02A2FB0332F82303EACB
:1074D000521300EB4300C2F342121044886026E0CE
:1074E00003981921A0FB0101059A136801935368C1
:1074F0009A009B0FF8F76FFF0199844648F21F52DC
:10750000C5F2EB12ACFB02304309642003FB10CC44
:10751000322000EB0C10A0FB0202F02000EA521017
:1075200000EB0310C2F3431210448860FFE706B07B
:1075300080BD000080B588B007900691ADF8162098
:10754000069807998862BDF81600079988850799FB
:1075500000204864079A222182F842100799CA6BDA
:1075600047F27101C0F60001D1630799CA6B47F277
:107570006511C0F6000111640799CA6B46F6F571F2
:10758000C0F60001D1640799C96B086506A804908C
:1075900007980168C06B0431049A1268BDF8163070
:1075A000FCF79CFCFFE70020039007980068006848
:1075B000039007980068406803900398FFE70798D6
:1075C0000069A0B1FFE7FFE7FFE70798006850E810
:1075D000030F40F480700290FFE702990798026859
:1075E00042E803100028F0D1FFE7FFE7FFE7FFE7DD
:1075F000FFE70798006850E8050F40F00100019090
:10760000FFE701990798026842E805100028F0D1C9
:10761000FFE7FFE7FFE7FFE70798006850E8050F7F
:1076200040F040000090FFE700990798026842E8A8
:1076300005100028F0D1FFE7FFE7002008B080BD6B
:1076400083B00190019890F8410021283AD1FFE7DA
:1076500001988068B0F5805F13D1FFE70198006959
:1076600078B9FFE70198006A0090009800886FF3EE
:107670005F200199096848600199086A0230086230
:1076800008E0019A106A411C1162007801990968AA
:107690004860FFE70199C88C0138C884000468B9C4
:1076A000FFE701980168C86820F08000C860019871
:1076B0000168C86840F04000C860FFE700208DF80E
:1076C0000B0003E002208DF80B00FFE79DF80B0094
:1076D00003B0704780B540F2BC30C2F20000FEF744
:1076E00017FA80BD80B582B00190009101984FF4E7
:1076F0008671F8F75CFF009840680199C1F80401B1
:1077000000980078019981F800010098806801993B
:10771000C1F80801019840F20943C2F200031A7847
:10772000511C197044F25421C2F2000141F82200A8
:10773000019800F003F802B080BD000080B582B06F
:1077400001900199D1F8040191F80021FEF7CEF8DB
:107750000198D0F80401C06B0168086820F00800A7
:10776000086002B080BD0000FFE7FEE780B500F0D2
:1077700049FD80BD80B582B00190FFE7322001F065
:107780001BFFFBE780B582B00190FFE740F2B440F9
:10779000C2F2000090F82000012822D1FFE740F259
:1077A000E040C2F2000090F82000012819D1FFE764
:1077B00044F27820C2F2000090ED000A44F27050CA
:1077C000C2F20000D0ED000A44F26C50C2F2000098
:1077D00090ED001A40F21820C2F2000000F082FA88
:1077E000FFE7142001F0E8FED0E7000080B582B08A
:1077F0000190FFE740F21C00C2F2000090ED000A89
:1078000040F2B440C2F2000000F018F8C82001F0C5
:10781000D3FEEFE780B582B00190FFE740F21C0095
:10782000C2F2000090ED000A40F2E040C2F2000017
:1078300000F004F8C82001F0BFFEEFE780B58CB07F
:107840000B908DED0A0A0B98069000210991089182
:10785000079190ED000A90ED011AB4EE410AF1EEA5
:1078600010FA0EDDFFE7069890ED000A90ED011A80
:1078700030EE410AB2EE041A80EE010A8DED050ADF
:107880000DE0069890ED001A90ED010A30EE410AE5
:10789000B2EE041A80EE010A8DED050AFFE70698A4
:1078A0009DED050A8DED080A002180F8201090ED6D
:1078B000000A90ED011AB4EE410AF1EE10FA40F31D
:1078C000A780FFE7069840680790FFE706989DEDC0
:1078D000070A90ED001AB4EE410AF1EE10FA00F337
:1078E0009380FFE7069890F82100A8B9FFE79DED87
:1078F000070A9FEDA51A20EE010A9FEDA41A30EEAB
:10790000010ABDEEC00A10EE100A00EE100AB8EE31
:10791000C00A8DED090A1FE0069890F821000128A1
:1079200019D1FFE79DED071A9FED960A30EE410A47
:107930009FED951A20EE010A9FED941A30EE010A90
:10794000BDEEC00A10EE100A00EE100AB8EEC00A32
:107950008DED090AFFE7FFE70698806A60B9FFE747
:1079600006989DED090ABCEEC00A10EE101A406A96
:10797000006840F8341F35E00698806A04280DD16D
:10798000FFE706989DED090ABCEEC00A10EE101A3A
:10799000406A006840F8381F049021E00698806A29
:1079A00008280DD1FFE706989DED090ABCEEC00A34
:1079B00010EE101A406A006840F83C1F03900CE07B
:1079C00006989DED090ABCEEC00A10EE101A406A36
:1079D000006840F8401F0390FFE703980490FFE71A
:1079E0000498FFE79DED0A0ABCEEC00A10EE100AEB
:1079F00001F0E2FDFFE79DED081A9DED070A30EE6C
:107A0000010A8DED070A61E7069908684860B2E04F
:107A1000069890ED000A90ED011AB4EE410AF1EEDD
:107A200010FA80F2A780FFE7069840680790FFE70A
:107A300006989DED070A90ED001AB4EE410AF1EEAA
:107A400010FAC0F29380FFE7069890F82100A8B9D9
:107A5000FFE79DED070A9FED4C1A20EE010A9FED0E
:107A60004B1A30EE010ABDEEC00A10EE100A00EE0D
:107A7000100AB8EEC00A8DED090A1FE0069890F8CA
:107A80002100012819D1FFE79DED071A9FED3D0A5E
:107A900030EE410A9FED3C1A20EE010A9FED3B1AA1
:107AA00030EE010ABDEEC00A10EE100A00EE100A18
:107AB000B8EEC00A8DED090AFFE7FFE70698806A75
:107AC00060B9FFE706989DED090ABCEEC00A10EE0A
:107AD000101A406A006840F8341F35E00698806A42
:107AE00004280DD1FFE706989DED090ABCEEC00AF7
:107AF00010EE101A406A006840F8381F029021E02A
:107B00000698806A08280DD1FFE706989DED090ABE
:107B1000BCEEC00A10EE101A406A006840F83C1F24
:107B200001900CE006989DED090ABCEEC00A10EE2B
:107B3000101A406A006840F8401F0190FFE7019862
:107B40000290FFE70298FFE79DED0A0ABCEEC00A2B
:107B500010EE100A01F030FDFFE79DED081A9DEDD3
:107B6000070A30EE410A8DED070A61E706990868B9
:107B70004860FFE7FFE70699012081F820000CB07C
:107B800080BD00BF000034438FC231410000FA4382
:107B900080B58CB0DDF838C00A90099108928DF854
:107BA0001F308DED060ACDED050A8DED041ACDEDE1
:107BB000031A0A9902910B91099848620898886201
:107BC00000200860486088600E98C8600598486189
:107BD00006980861049888610398C861486A896AB0
:107BE000FDF79EFD02989DF81F1080F82110806A15
:107BF000B0B9FFE7029890ED030AB8EEC00A9FED16
:107C0000371A20EE010A9FED361A30EE010ABDEE5A
:107C1000C00A10EE101A406A006840F8341F53E0A2
:107C20000298806A042817D1FFE7029890ED030AB2
:107C3000B8EEC00A9FED291A20EE010A9FED281A1E
:107C400030EE010ABDEEC00A10EE101A406A00685C
:107C500040F8381F019035E00298806A082817D153
:107C6000FFE7029890ED030AB8EEC00A9FED1B1AD9
:107C700020EE010A9FED1A1A30EE010ABDEEC00A8D
:107C800010EE101A406A006840F83C1F009016E0A1
:107C9000029890ED030AB8EEC00A9FED101A20EE8C
:107CA000010A9FED0F1A30EE010ABDEEC00A10EE78
:107CB000101A406A006840F8401F0090FFE70098E3
:107CC0000190FFE70198FFE7029890ED030AB8EEF4
:107CD000C00A80ED010A0B980CB080BDA8C63141E6
:107CE0000000FA4380B596B015908DED140ACDEDE5
:107CF000130A8DED121A15980990149901601399C1
:107D00004160129981600021119110910F9190EDC5
:107D1000000A90ED011A21EE011A20EE000A30EE61
:107D2000010A00F0F7F98DED0E0A9DED0E2A40F2E2
:107D30001400C2F2000090ED001A21EE013A22EE8A
:107D4000020A30EE030A40F21001C2F2000191ED86
:107D5000003A23EE033A30EE430A31EE011A21EEE7
:107D6000021A80EE010A8DED0D0A9DED0E2A91EDAD
:107D7000000A20EE001A22EE020A30EE010A90ED0F
:107D8000001A21EE013A30EE430A31EE011A21EEDB
:107D9000021A80EE010A8DED0C0A9DED140AB5EE73
:107DA000400AF1EE10FA18D1FFE79DED130AB5EE87
:107DB000400AF1EE10FA10D1FFE70998C16891ED81
:107DC000030AB8EEC00A81ED000A006990ED030ACB
:107DD000B8EEC00A80ED000A71E19DED140AB5EE1F
:107DE000400AF1EE10FA40F36981FFE79DED130AB6
:107DF000B9EE041AB4EE410AF1EE10FA40F35E81D6
:107E0000FFE7099890ED001A90ED010A80EE010A53
:107E100000F076F909988DED110AD0ED000A90ED89
:107E2000010AB1EE400A00F07FF98DED070A9DEDE1
:107E30000D0A00F05BF90998B0EE401A9DED070AB3
:107E400030EE010A8DED0F0AD0ED000A90ED010A27
:107E500000F06AF98DED080A9DED0C0A00F046F974
:107E60000998B0EE401A9DED080A30EE010A8DED3A
:107E7000100A90ED000A9FED931A80EE010A8DED35
:107E80000B0A90ED010A80EE010A8DED0A0A9DEDC4
:107E90000B2A22EE010A9DED0A3A23EE011A21EE89
:107EA000031A20EE020A30EE010AB2EE021AB4EE14
:107EB000410AF1EE10FA80F2A880FFE79DED0A4A30
:107EC0008DED004A9DED0B3A24EE041A23EE030AD1
:107ED00030EE010A9FED7B2A8DED012A23EE021A76
:107EE00024EE022A22EE042A21EE031A31EE022A9F
:107EF000B2EE021A8DED021A31EE421A20EE010A9C
:107F000000F008F99DED002AB0EE081A8DED031A75
:107F100022EE012A30EE420A9DED0B4AB2EE042A0F
:107F20008DED042A24EE023A24EE011A23EE043ADF
:107F300031EE431A9DED0A3A23EE022A22EE032A7D
:107F400031EE421A80EE010A00F0DAF89DED013AB6
:107F50009DED021A30EE000A9FED5B2A8DED062A98
:107F600020EE020A40F23850C2F2000080ED000A12
:107F70009DED0A5A8DED055A9DED0B4A25EE052A19
:107F800024EE040A30EE020A24EE032A25EE033A18
:107F900023EE053A22EE042A32EE032A31EE421A8B
:107FA00020EE010A00F0B6F89DED033A9DED041AAB
:107FB000B0EE402A9DED050A20EE030A30EE420A9B
:107FC0009DED0B4A24EE012A24EE033A22EE042A08
:107FD00032EE032A9DED0A3A23EE011A21EE031A2E
:107FE00031EE021A80EE010A00F08AF89DED061AC1
:107FF000B8EE002A20EE020A20EE010A40F23C50C0
:10800000C2F2000080ED000AFFE709989DED100A1A
:10801000C06890ED071AB4EE410AF1EE10FA05DDE2
:10802000FFE70998C168C86908601AE009989DEDE2
:10803000100AC06890ED061AB4EE410AF1EE10FA8B
:1080400005DAFFE70998C1688869086008E00999BE
:1080500040F23850C2F200000068C9680860FFE7CB
:10806000FFE709989DED0F0A006990ED071AB4EE3D
:10807000410AF1EE10FA05DDFFE709980169C869C8
:1080800008601AE009989DED0F0A006990ED061A44
:10809000B4EE410AF1EE10FA05DAFFE7099801693A
:1080A0008869086008E0099940F23C50C2F200007B
:1080B000006809690860FFE7FFE7FFE7FFE716B020
:1080C00080BD00BF0000C8423333654283B00290D8
:1080D0000191009202980199C1600099016100210B
:1080E00001604160816003B07047000080B582B0DC
:1080F0008DED010A9DED010A02F09AFA02B080BDF1
:1081000080B582B08DED010A9DED010A02F072FC8E
:1081100002B080BD80B582B08DED010A9DED010AEF
:1081200002F018FD02B080BD80B582B08DED010A6D
:10813000CDED000A9DED010ADDED000A02F004FB21
:1081400002B080BD81B08DF803009DF903000028C6
:108150000ED4FFE79DF9031001F01F0201209040AB
:108160004A094EF20011CEF2000141F82200FFE769
:1081700001B070474EF60C50CEF200000068C0F31C
:108180000220704782B08DF8070000919DF907002A
:1081900000280AD4FFE7009800019DF907104EF26D
:1081A0000042CEF2000288540BE0009800019DF8D6
:1081B000071001F00F014EF61452CEF2000288545F
:1081C000FFE702B07047000083B00290029800F011
:1081D000070000904EF60C51CEF2000108680190A5
:1081E00001984FF6FF02104001900198009A40EA72
:1081F00002200022C0F2FA52104301900198086058
:1082000003B0704780B540F21000C2F2000090ED5C
:10821000000A40F21400C2F2000090ED001A21EEB4
:10822000011A20EE000A30EE010AFFF773FF40F258
:10823000C810C2F2000080ED000A80BD81B000903D
:10824000FFE7FEE781B0009001B0704782B08DED8E
:10825000010A9DED010AB2EE041A80EE010A9FEDBB
:10826000121A20EE010ABDEEC00A8DED000A009838
:1082700042F21171884204DBFFE742F21070009075
:10828000FFE700984DF6EF01CFF6FF71884206DC5C
:10829000FFE74DF6F000CFF6FF700090FFE7BDF965
:1082A000000002B0704700BF00401C4680B584B09B
:1082B000002002900390FCF797F8FEF7D1FAFDF743
:1082C000EBFFFDF7A7FFFDF755FFFDF77BFFFEF77F
:1082D000ABF9FEF7C9F9FEF77FF8FEF711F941F6A1
:1082E0000040C4F202000190042101220092FCF738
:1082F0004FF8009A01980821FCF74AF8009A019873
:108300001021FCF745F80198029A2021FCF740F86B
:1083100000F006F8FDF79CFF00F0B6FAFFE7FEE775
:1083200070B5AAB0684600230993036040F2E421C7
:10833000C2F2000102911FA80422DFED7B0ACDEDFD
:10834000030A9FED7A1A8DED041ADFED791AB0EE6B
:10835000410AFFF71DFC0299DDED030A9DED041AA9
:10836000099B1F98DDF880C0DDF884E0229C239DE6
:10837000249E40F2E042C2F200020592566115616D
:10838000D460C2F808E0C2F804C010602598DDF897
:1083900098C0DDF89CE0289C299D95625462C2F843
:1083A00020E0C2F81CC090616A465020106014A8FA
:1083B0000822DFED601AB0EE410AFFF7E9FB059AEB
:1083C00014981599DDF858C0DDF85CE0189C199DEB
:1083D00040F20C53C2F2000306935D611C61C3F8C6
:1083E0000CE0C3F808C0596018601A981B99DDF8B2
:1083F00070C0DDF874E01E9C9C62C3F824E0C3F8F2
:1084000020C0D961986140F2B441C2F2000101205C
:1084100081F8200082F8200083F820000EA8FFF7E2
:1084200055FE099B0E980F9ADDF840C0DDF844E038
:10843000129C139D40F21821C2F200014D610C61A3
:10844000C1F80CE0C1F808C04A60086040F2C410EE
:10845000C2F20000694648600620086047F2757065
:10846000C0F600004AF6D061C0F600014FF4167263
:1084700001F074FA099B0D9040F2D010C2F2000096
:108480006946486003200890086047F2ED70C0F626
:1084900000004AF6EB61C0F600014FF47A720792D1
:1084A00001F05CFA079A099B014608980C9140F28A
:1084B000D41CC2F2000C6946C1F804C0086047F63B
:1084C0001500C0F600004AF6F861C0F6000101F0A0
:1084D00045FA099B0B9040F2CC10C2F200006946AD
:1084E00048600520086047F28570C0F600004AF633
:1084F000DC61C0F600014FF4FA7201F02FFA0A9025
:108500000C98012808D1FFE70B98012804D1FFE758
:108510000A98012802D0FFE7FFE7FEE7FEF742FDD9
:10852000FEF7C4F82AB070BD00003443000000001C
:1085300000000C430000164382B0ADF80600002096
:108540000090BDF90600842807D0FFE7BDF90600BA
:108550000099084403300090FFE7009802B070478C
:1085600080B598B012A90D91179000210E91169127
:10857000159140F23420C2F200004FF40072F9F776
:10858000F5FE40F28C10C2F200000168012008776D
:108590004BF25D00C0F60000F7F796FF4AF6A270B6
:1085A000C0F60000F7F790FF0E9800F0C9F9FFE75A
:1085B00000F052F9149014981699401A002800F00F
:1085C000BA80FFE71498169000201390149840F298
:1085D000AC41C2F200010968401A129040F2A84072
:1085E000C2F20000007801460C91042800F28E804F
:1085F0000C99DFE801F0031D41557900002013902C
:108600001298B0F5FA6F12D3FFE7012000F098F945
:10861000694641F2883008609FED870B53EC102BC0
:108620004AF63070C0F60000F7F74EFFFFE76EE045
:108630000D9890ED000AB8EE400A9FED821A20EEE8
:10864000010A9FED811A80EE010A80ED010A12985D
:1086500041F2883188420ED3FFE7022000F070F922
:108660009FED730B53EC102B4AF61170C0F600000F
:10867000F7F72AFFFFE74AE04FF07C50139012987B
:1086800040F6B83188420AD3FFE7032000F058F9DA
:108690004BF24100C0F60000F7F716FFFFE736E0A7
:1086A0000D9890ED000AB8EE400A9FED651A80EE35
:1086B000010AB7EE001A30EE010AB6EE001A20EEFB
:1086C000010A80ED010A129840F6B83188420AD3B7
:1086D000FFE7042000F034F94AF65C70C0F60000B1
:1086E000F7F7F2FEFFE712E0002013901298B0F5C2
:1086F0007A6F0AD3FFE7002000F022F94AF67F7074
:10870000C0F60000F7F7E0FEFFE700E0FFE70D9896
:1087100090ED010AFFF79AFD00EE100AB8EEC00ACC
:1087200040F28C10C2F20000006880ED0F0A0020B9
:10873000F9F77AFEFFE714981599401AB0F57A7F99
:108740006FD3FFE71498159040F28C10C2F200002E
:10875000006814301190119890ED060ABDEEC00A21
:1087600010EE100AADF84200119890ED050ABDEE2A
:10877000C00A10EE100AADF84000119890ED070AFB
:10878000BDEEC00A10EE100AADF83E0040F2A8405F
:10879000C2F2000000780B90BDF942000A9000EE92
:1087A000100AB8EEC00A9FED291A80EE010A9FED6B
:1087B000281A20EE010A10EE100A02F065FA41ECC8
:1087C000100B8DED080BBDF940000790BDF93E0080
:1087D0000690119890ED0A0AB2EE041A20EE010AF2
:1087E0009FED1C1A80EE010A10EE100A02F04CFAFE
:1087F000DDF818C0079B9DED080B0A9A8E460B9971
:108800004EEC110B6846C0F80CC0836080ED041B71
:1088100080ED000B4AF6EE70C0F60000F7F754FE4C
:10882000FFE7012000F0C8FEC2E600BF00BF00BFA6
:10883000000000000000E03F000000A09999E93F1F
:1088400000803BC5CDCC4C3F00409C4500F8FF4527
:108850000000B44300401C4680B501F053F980BDD0
:1088600080B584B0039003980290029818B1FFE796
:108870000298019002E001200190FFE7019800F0CA
:108880009BFE002004B080BD80B500F0CDFE00202E
:1088900080BD0000B0B590B00E900D910E9840696B
:1088A00038B3FFE70E98806918B3FFE70E980168A8
:1088B000089141680B91016909910D990A91B0F9EC
:1088C0000800FFF739FE0899099A0A9B84460B981D
:1088D000DDF838E0DEF81440DEF81850EE46CEF849
:1088E0000850CEF80440CEF800C001F087F80C9094
:1088F00020E00E980168049141680791018A059172
:108900000D990691B0F90800FFF716FE0499059A33
:10891000069B84460798EE460CACCEF80440CEF891
:1089200000C001F01BF8012803D0FFE700200F90E2
:1089300003E0FFE70C980F90FFE70F9810B0B0BD71
:1089400080B582B08DF807009DF8070040F2A8417D
:10895000C2F200010870FFF77FFF40F2AC41C2F2A3
:108960000001086002B080BD80B584B00390029120
:1089700044F26450C2F200000068009040F20C40E3
:10898000C2F200000068043000F082FC88B9FFE702
:1089900040F20C40C2F200000068C16A012000FAF7
:1089A00001F244F27421C2F20001086890430860A9
:1089B00000E0FFE70398013080B9FFE7029868B153
:1089C000FFE740F20C40C2F200000068011D44F2D3
:1089D0003C50C2F2000000F0EBFC3DE0009803992F
:1089E00008440190019840F20C41C2F2000109686C
:1089F00048600198009988420ED2FFE740F2184083
:108A0000C2F20000006840F20C41C2F200010968A5
:108A1000043100F097FC1EE040F21040C2F200006A
:108A2000006840F20C41C2F200010968043100F014
:108A300089FC019844F20851C2F200010968884299
:108A400007D2FFE7019844F20851C2F20001086022
:108A500000E0FFE7FFE7FFE704B080BD80B582B02C
:108A6000019000F0CDFC44F26421C2F200010868DC
:108A70000130086040F20C40C2F20000006898B972
:108A8000FFE7019840F20C41C2F20001086044F295
:108A90006420C2F200000068012803D1FFE700F063
:108AA000C7F900E0FFE71CE044F23050C2F20000DA
:108AB0000068A0B9FFE740F20C40C2F20000006875
:108AC000C06A0199C96A884207D8FFE7019840F255
:108AD0000C41C2F20001086000E0FFE700E0FFE7A0
:108AE000FFE744F27021C2F200010868013008601B
:108AF0000198C16A012000FA01F244F27421C2F225
:108B000000010868104308600199C86A00EB800200
:108B100040F21C40C2F2000000EB8200043100F081
:108B200047FC00F099FC44F23050C2F200000068AB
:108B3000C8B1FFE740F20C40C2F200000068C06A12
:108B40000199C96A88420CD2FFE74EF60451CEF271
:108B500000014FF080500860BFF34F8FBFF36F8F5D
:108B600000E0FFE700E0FFE702B080BD80B582B023
:108B7000FFE744F26820C2F20000006808B3FFE794
:108B800000F03EFC44F25050C2F20000C068C068E1
:108B900001900198043000F07BFB44F26421C2F2A2
:108BA000000108680138086044F26821C2F200013F
:108BB00008680138086000F04FFC019800F004F8E4
:108BC000D7E702B080BD000080B582B00090009869
:108BD00090F8510040B9FFE70098006B00F062FC8C
:108BE000009800F05FFC1CE0009890F8510001280C
:108BF00004D1FFE7009800F055FC11E0009890F8D0
:108C0000510002280BD0FFE74FF0500080F311888D
:108C1000BFF36F8FBFF34F8F0190FFE7FEE7FFE7D2
:108C2000FFE702B080BD000084B04FF470500090A8
:108C300040F24C60C2F2000001909DF80400400731
:108C400088B1FFE7019807300190019820F00700F4
:108C50000190019A40F24C61C2F200010098891A19
:108C600008440090FFE701980290029944F23450C2
:108C7000C2F200000160002141600298009A104495
:108C80000190019808380190019820F007000190A8
:108C9000019A40F21440C2F2000002600268516082
:108CA00002681160029903910199039A891A51602F
:108CB0000068039908600398406844F20451C2F2C6
:108CC000000108600398406844F2A821C2F2000144
:108CD000086044F27C21C2F200014FF000400860BD
:108CE00004B0704780B582B00190FFE7FFF73EFF08
:108CF00040F21C40C2F20000006802280CD3FFE7DB
:108D00004EF60451CEF200014FF080500860BFF3E0
:108D10004F8FBFF36F8F00E0FFE7E7E780B588B0C4
:108D2000DDF834C0DDF830C0DDF82CC0DDF828C037
:108D300006900591049203930C98006B049900EB44
:108D4000810004380290029820F0070002909DF8FC
:108D50000800400758B1FFE74FF0500080F311883A
:108D6000BFF36F8FBFF34F8F0790FFE7FEE70598C4
:108D7000F8B1FFE700200190FFE701980F2813D812
:108D8000FFE70598019A805C0C99114481F8340042
:108D900005980199405C08B9FFE705E0FFE7FFE7A8
:108DA000019801300190E8E70C99002081F8430018
:108DB00004E00C99002081F83400FFE70A980728A6
:108DC00003D3FFE706200A9000E0FFE70A980C991A
:108DD000C8620A980C9948640C9900200090886435
:108DE0000C98043000F0A6FA0C98183000F0A2FAA3
:108DF00000980C9909610A99C1F107010C9A9161D7
:108E00000C9949620C99C8640C9981F85000029839
:108E10000699039A00F00CFA0C9908600B9820B19F
:108E2000FFE70C980B99086000E0FFE708B080BDF1
:108E300080B584B000200390FFE70398062810D87F
:108E4000FFE7039800EB800140F21C40C2F20000F3
:108E500000EB810000F056FAFFE703980130039021
:108E6000EBE744F28020C2F20000019000F04AFAE1
:108E700044F29420C2F20000029000F043FA44F25F
:108E80001C50C2F2000000F03DFA44F25050C2F211
:108E9000000000F037FA44F23C50C2F2000000F04B
:108EA00031FA0199029840F21042C2F200021160B8
:108EB00040F21841C2F20001086004B080BD000019
:108EC00083B0029044F23450C2F200000190FFE7F8
:108ED000019800680299884205D2FFE7FFE70198F0
:108EE00000680190F4E701980090009801994968A2
:108EF00008440299884209D1FFE702984268019923
:108F00004868104448600198029000E0FFE702982A
:108F100000900098029949680844019909688842BC
:108F200020D1FFE70198006840F21441C2F200012D
:108F3000096888420DD0FFE70198006842680299ED
:108F40004868104448600198006800680299086009
:108F500007E040F21440C2F2000000680299086085
:108F6000FFE704E00198006802990860FFE70198B4
:108F70000299884204D0FFE702980199086000E056
:108F8000FFE703B07047000008480068006880F3FE
:108F900008884FF0000080F3148862B661B6BFF312
:108FA0004F8FBFF36F8F00DF00BF000008ED00E0C0
:108FB00081B040F21040C2F200000068006840B981
:108FC000FFE744F20851C2F200014FF0FF300860A1
:108FD0000FE040F21040C2F200000068C068C068B4
:108FE00000900098406844F20851C2F20001086005
:108FF000FFE701B07047000083B00020009040F20E
:109000002800C2F200000068013058B1FFE74FF0BD
:10901000500080F31188BFF36F8FBFF34F8F029022
:10902000FFE7FEE74FF0500080F31188BFF36F8F2A
:10903000BFF34F8F0190FFE7009808B9FFE7FBE708
:1090400003B0704780B58AB006900020029000F00F
:1090500053FB40F21440C2F20000006818B9FFE769
:10906000FFF7E2FD00E0FFE7069844F27C21C2F240
:1090700000010968084240F0C580FFE7069800B388
:10908000FFE70698083006909DF818004007B0B139
:10909000FFE7069820F00700083006909DF81800BA
:1090A000400758B1FFE74FF0500080F31188BFF33D
:1090B0006F8FBFF34F8F0990FFE7FEE700E0FFE7F8
:1090C00000E0FFE70698002800F09A80FFE7069886
:1090D00044F2A821C2F200010968884200F290809F
:1090E000FFE744F23450C2F200000490006805909B
:1090F000FFE705984168069A00209142019007D247
:10910000FFE705980068002818BF01200190FFE7DD
:109110000198C00730B1FFE70598049005980068F2
:109120000590E6E7059840F21441C2F20001096893
:10913000884263D0FFE704980068083002900598E1
:10914000006804990860059840680699401A11283B
:1091500021D3FFE705980699084403909DF80C0079
:10916000400758B1FFE74FF0500080F31188BFF37C
:109170006F8FBFF34F8F0890FFE7FEE705984068B9
:109180000699401A03994860069805994860039823
:10919000FFF796FE00E0FFE70598426844F2A8203A
:1091A000C2F200000168891A0160006844F20451AB
:1091B000C2F20001096888420BD2FFE744F2A820FE
:1091C000C2F20000006844F20451C2F200010860DB
:1091D00000E0FFE744F27C20C2F20000026805993B
:1091E00048681043486005990020086044F2105117
:1091F000C2F2000108680130086000E0FFE700E00B
:10920000FFE700E0FFE700F063FD9DF8080040077E
:1092100058B1FFE74FF0500080F31188BFF36F8F14
:10922000BFF34F8F0790FFE7FEE702980AB080BDBB
:1092300083B0029001910092029804380290029942
:109240004FF080700860029804380290019820F076
:10925000010002990860029804380290029948F6C9
:10926000F970C0F600000860029814380290009867
:109270000299086002980438029002996FF0020087
:109280000860029820380290029803B070470000EE
:1092900082B001900198006900900198416880684F
:1092A0008860019948688968486000984068019919
:1092B000884205D1FFE7019880680099486000E086
:1092C000FFE70199002008610099086801380860EB
:1092D0000098006802B0704783B00290019100923C
:1092E000029944F2B040C2F200000860019944F2D1
:1092F000AC20C2F20000086000998020086003B032
:109300007047000081B00090009901F108004860AA
:1093100000994FF0FF308860009901F10800C860A3
:10932000009901F10800086100990020086001B06F
:109330007047000081B0009000990020086101B0E2
:109340007047000084B0039002910298006800907A
:109350000098013020B9FFE703980069019010E000
:10936000039808300190FFE7019840680068009971
:10937000884205D8FFE7FFE7019840680190F3E7CE
:10938000FFE7019840680299486002984168886048
:10939000019802998860029801994860039802999F
:1093A0000861039908680130086004B07047000044
:1093B00083B0029001910298406800900098019952
:1093C00048600098806801998860019800998968D0
:1093D0004860019800998860029801990861029993
:1093E00008680130086003B070470000DFF80C0027
:1093F000016841F4700101607047000088ED00E0F1
:1094000082B04FF0500080F31188BFF36F8FBFF32D
:109410004F8F019040F22800C2F200000168013134
:1094200001600068012814D1FFE74EF60450CEF227
:1094300000000068000658B1FFE74FF0500080F3CD
:109440001188BFF36F8FBFF34F8F0090FFE7FEE7E8
:10945000FFE702B07047000082B040F22800C2F27D
:109460000000006858B9FFE74FF0500080F3118802
:10947000BFF36F8FBFF34F8F0090FFE7FEE740F21F
:109480002800C2F20000016801390160006830B9AB
:10949000FFE700200190019880F31188FFE702B0F8
:1094A0007047000080B586B003900398029003983F
:1094B00000285CD0FFE702980838029002980190DB
:1094C0000198406844F27C21C2F200010968084218
:1094D0000BD1FFE74FF0500080F31188BFF36F8F7F
:1094E000BFF34F8F0590FFE7FEE70198006858B182
:1094F000FFE74FF0500080F31188BFF36F8FBFF389
:109500004F8F0490FFE7FEE70198406844F27C210A
:10951000C2F200010968084227D0FFE701980068FD
:1095200008BBFFE744F27C20C2F200000268019908
:1095300048689043486000F0DFF80198426844F2C0
:10954000A821C2F200010868104408600198FFF7E2
:10955000B7FC44F21451C2F20001086801300860FF
:1095600000F0B6FB00E0FFE700E0FFE7FFE706B032
:1095700080BD00004EF21001CEF200010020086014
:109580004EF21802CEF20002106040F21800C2F251
:109590000000006844F6D352C1F26202A0FB02024E
:1095A0004FF0FF3000EB92104EF21402CEF20002A8
:1095B000106007200860704780B584B002900020DA
:1095C00001900298E0B1FFE744F26C20C2F2000083
:1095D000006858B1FFE74FF0500080F31188BFF3E7
:1095E0006F8FBFF34F8F0390FFE7FEE700F084F823
:1095F00002980021FFF7B8F900F06AFB019000E043
:10960000FFE7019860B9FFE74EF60451CEF2000182
:109610004FF080500860BFF34F8FBFF36F8F00E0B3
:10962000FFE704B080BD000080B58AB00020039041
:109630000690059006A805A904AAFFF74DFE039B16
:10964000049A0599DDF818C06846C0F808C0416062
:10965000036048F6E540C0F600004BF29801C0F602
:10966000000100F0CBF9014644F2AC40C2F2000028
:109670000160006818B1FFE70120079002E00020B8
:109680000790FFE70798012823D1FFE74FF050002C
:1096900080F31188BFF36F8FBFF34F8F099044F2AF
:1096A0000851C2F200014FF0FF30086044F230511F
:1096B000C2F200010120086044F26451C2F20001CC
:1096C0000020086000F080F808B1FFE700E0FFE745
:1096D0000FE00798013058B9FFE74FF0500080F3D2
:1096E0001188BFF36F8FBFF34F8F0890FFE7FEE73E
:1096F000FFE70AB080BD000044F26C21C2F2000115
:10970000086801300860704785B044F26C20C2F2EE
:109710000000006838B1FFE744F26851C2F200016E
:10972000012008604DE044F26851C2F200010020BF
:10973000086044F27420C2F20000006804900498AB
:10974000B0FA80F08DF80F009DF80F00C0F11F00F7
:109750000190019800EB800140F21C40C2F2000031
:1097600050F8210058B9FFE74FF0500080F31188FE
:10977000BFF36F8FBFF34F8F0290FFE7FEE70198B3
:1097800000EB800140F21C40C2F2000000EB8100BF
:10979000009000994868406848600099486808311E
:1097A000884205D1FFE70099486840684860FFE7B4
:1097B00000984068C06840F20C41C2F200010860A5
:1097C000FFE705B07047000080B588B04EF6005046
:1097D000CEF2000000684CF27121C4F20F118842F1
:1097E0000BD1FFE74FF0500080F31188BFF36F8F6C
:1097F000BFF34F8F0790FFE7FEE74EF60050CEF223
:10980000000000684CF27021C4F20F1188420BD1A5
:10981000FFE74FF0500080F31188BFF36F8FBFF365
:109820004F8F0690FFE7FEE74EF20040CEF20000B9
:10983000039001780491FF21017000788DF80B00EE
:109840009DF80B0000F0500044F24C21C2F20001E0
:10985000087044F25021C2F2000107200860FFE7BF
:109860009DF80B00000600280DD5FFE744F25021BB
:10987000C2F200010868013808609DF80B00400042
:109880008DF80B00ECE744F25020C2F200000068B3
:1098900003280BD0FFE74FF0500080F31188BFF38F
:1098A0006F8FBFF34F8F0590FFE7FEE744F2502123
:1098B000C2F20001086800020860086800F4E06075
:1098C000086004984EF20041CEF2000108704EF696
:1098D0002051CEF20001086840F47000086008686A
:1098E00040F070400860FFF745FE40F22801C2F2E8
:1098F0000001002001900860FFF778FD4EF63471FA
:10990000CEF20001086840F040400860FFF73CFBE1
:10991000FFF7FAFEFFF770FB019808B080BD00006A
:1099200080B582B04FF0500080F31188BFF36F8F85
:10993000BFF34F8F009000F0EFF840B1FFE74EF615
:109940000451CEF200014FF080500860FFE7002084
:109950000190019880F3118802B080BD70B58CB081
:10996000DDF844C0DDF840C00B900A91ADF8262028
:109970000893BDF826008000FFF764FB059005986A
:1099800080B1FFE75420FFF75DFB0790079820B1F7
:10999000FFE705980799086303E00598FFF782FD44
:1099A000FFE702E000200790FFE70798F0B1FFE72C
:1099B0000798002680F851600B980A99BDF8262078
:1099C000089BDDF840C0119C079DEE46CEF80C6068
:1099D000CEF80850CEF80440CEF800C0FFF79EF94C
:1099E0000798FFF73BF80120069003E04FF0FF30A7
:1099F0000690FFE706980CB070BD0000B0B58EB0C1
:109A0000DDF850C0DDF84CC0DDF848C00A9009917F
:109A100008920793139858B9FFE74FF0500080F36E
:109A20001188BFF36F8FBFF34F8F0D90FFE7FEE7F5
:109A3000149858B9FFE74FF0500080F31188BFF336
:109A40006F8FBFF34F8F0C90FFE7FEE75420049019
:109A5000049854280BD0FFE74FF0500080F3118892
:109A6000BFF36F8FBFF34F8F0B90FFE7FEE70498B4
:109A7000149820B3FFE7139808B3FFE714980690F3
:109A80001398069908630699022081F851000A98F4
:109A90000999089A079BDDF848C0069CEE46002508
:109AA000CEF80C50CEF8084005ACCEF80440CEF805
:109AB00000C0FFF733F90698FEF7D0FF02E0002060
:109AC0000590FFE705980EB0B0BD000081B044F2EC
:109AD0003050C2F20000006818B9FFE70120009082
:109AE0000DE044F26C20C2F20000006818B9FFE7F4
:109AF0000220009002E000200090FFE7FFE70098BE
:109B000001B0704781B044F26450C2F200000068B6
:109B10000090009801B0704780B586B00020029098
:109B200044F26C20C2F200000068002840F0C580BA
:109B3000FFE744F26451C2F200010868013001906D
:109B400001980860019858BBFFE740F21040C2F24C
:109B500000000068006858B1FFE74FF0500080F344
:109B60001188BFF36F8FBFF34F8F0590FFE7FEE7BC
:109B700040F21042C2F200021068009040F2184118
:109B8000C2F20001086810600098086044F20C51AD
:109B9000C2F20001086801300860FFF709FA00E02E
:109BA000FFE7019844F20851C2F2000109688842B7
:109BB00062D3FFE7FFE740F21040C2F20000006806
:109BC000006840B9FFE744F20851C2F200014FF0CB
:109BD000FF3008604FE040F21040C2F20000006821
:109BE000C068C06804900498406803900198039985
:109BF000884207D2FFE7039844F20851C2F20001FD
:109C0000086038E0FFE704980430FFF741FB049850
:109C1000806A28B1FFE704981830FFF739FB00E0AD
:109C2000FFE70498C16A012000FA01F244F27421AE
:109C3000C2F200010868104308600499C86A00EB8A
:109C4000800240F21C40C2F2000000EB82000431AE
:109C5000FFF7AEFB0498C06A40F20C41C2F200016B
:109C60000968C96A884203D3FFE70120029000E037
:109C7000FFE7FFE79FE7FFE740F20C40C2F200007A
:109C80000068C06A00EB800140F21C40C2F2000094
:109C900050F82100022803D3FFE70120029000E0E2
:109CA000FFE744F26850C2F20000006818B1FFE715
:109CB0000120029000E0FFE707E044F21851C2F2F1
:109CC0000001086801300860FFE7029806B080BD17
:109CD00080B584B000200290019044F26C20C2F262
:109CE0000000006858B9FFE74FF0500080F311887A
:109CF000BFF36F8FBFF34F8F0390FFE7FEE7FFF7D0
:109D00007FFB44F26C20C2F200000168013901605F
:109D10000068002840F09280FFE744F26420C2F21D
:109D200000000068002800F08880FFE7FFE744F2A9
:109D30001C50C2F200000068E0B3FFE744F21C5080
:109D4000C2F20000C068C068029002981830FFF7A5
:109D50009FFA02980430FFF79BFA0298C16A01202B
:109D600000FA01F244F27421C2F2000108681043C3
:109D700008600299C86A00EB800240F21C40C2F2FF
:109D8000000000EB82000431FFF712FB0298C06A6A
:109D900040F20C41C2F200010968C96A884207D347
:109DA000FFE744F26851C2F200010120086000E0C0
:109DB000FFE7BCE7029818B1FFE7FFF7F9F8FFE704
:109DC00044F21850C2F20000006800900098E0B120
:109DD000FFE7FFE7FFF7A0FE38B1FFE744F2685165
:109DE000C2F200010120086000E0FFE7009801389E
:109DF0000090FFE700980028ECD1FFE744F21851EB
:109E0000C2F200010020086000E0FFE744F2685061
:109E1000C2F20000006870B1FFE7012001904EF629
:109E20000451CEF200014FF080500860BFF34F8F15
:109E3000BFF36F8F00E0FFE7FFE700E0FFE7FFF70A
:109E40000BFB019804B080BD5FEA400C08BF91F0A5
:109E5000000F4FEA8C234FEAC12243EA51514FEAE7
:109E60001C5018BF00F5F0404FEA300018BF41F019
:109E700000415FEA6C5C00F02980BCF1FF3F08BF45
:109E800040F080407047130C06BF12044FF0100CD6
:109E90004FF0000C130E04BF12020CF1080C130F4C
:109EA00004BF12010CF1040C930F04BF92000CF1DB
:109EB000020CD30F04BF52000CF1010C11464FF0FD
:109EC0000002A0F11F00A0EB0C00704711F0004F42
:109ED00008BF704731F000413FF4D5AF0B0C06BF0F
:109EE00009044FF0100C4FF0000C0B0E04BF0902D8
:109EF0000CF1080C0B0F04BF09010CF1040C8B0FC3
:109F000004BF89000CF1020CCB0F04BF49000CF117
:109F1000010CCCF1200322FA03F341EA030102FA17
:109F20000CF2A0EB0C0000F10100704723F07F471A
:109F300020F07F4C80EA030000F00040ACEB070308
:109F400003F57C5303F1FF032DE9804909B44FEA7F
:109F5000144324EA03484FEA154B25EA0B4E0FF24F
:109F6000042606EB13273E7803FB0667C7F50007B8
:109F700007FB06F64FEAD64606F102064FEA5437CB
:109F800007FB066CCCF1005C4FEA1C472CEA074C3F
:109F90000CFB06F507FB06F404EB15464FEA961694
:109FA00049085FEA320234BF00204FF000404FEA18
:109FB000D13706FB07FC4FEA1C4C0CFB0BF7D21BFE
:109FC00003FB0CF761EB07010CFB0EF7B0EB07404E
:109FD00072EB17420CFB08F734BFA2EB0742B2EB5F
:109FE000074261EB17414FEA0C444FEA910706FB29
:109FF00007FC4FEA1C4C0CFB0BF7B0EBC74072EBB5
:10A00000573203FB0CF734BFA2EBC742B2EBC74297
:10A0100061EB57310CFB0EF7B0EBC70072EB5772D8
:10A020000CFB08F734BFA2EBC702B2EBC70261EB2F
:10A0300057714FEA816141EA92114FEA826242EA26
:10A0400090124FEA806004EBCC04039F4FEAD137B3
:10A0500006FB07FC4FEA1C4C0CFB0BF7D21B03FB67
:10A060000CF761EB07010CFB0EF7B0EB074072EB4E
:10A0700017420CFB08F734BFA2EB0742B2EB0742D2
:10A0800061EB17414FEA8C5504EB9C244FEA910792
:10A0900006FB07FC4FEA1C4C0CFB0BF7B0EBC74070
:10A0A00072EB573203FB0CF734BFA2EBC742B2EBA3
:10A0B000C74261EB57310CFB0EF7B0EBC70072EBF8
:10A0C00057720CFB08F734BFA2EBC702B2EBC70212
:10A0D00061EB57714FEA816141EA92114FEA826266
:10A0E00042EA90124FEA806015EB4C2544F10004DF
:10A0F0004FEAD13706FB07FC4FEA1C4C0CFB0BF771
:10A10000D21B03FB0CF761EB07010CFB0EF7B0EB66
:10A11000074072EB17420CFB08F734BFA2EB074273
:10A12000B2EB074261EB17414FEA813141EA9241BC
:10A130004FEA823242EA90424FEA80304FEA0C7690
:10A1400015EB1C1544F1000448EA03434EEA0B48A2
:10A150004FF0000EB2EB080C71EB030724BF624610
:10A1600039464EEB0E0E4FF0000B0018524149419C
:10A170004BEB0B0BB2EB080C71EB03077BF1000B05
:10A1800024BF624639464EEB0E0E4FF0000B00180E
:10A19000524149414BEB0B0BB2EB080C71EB03073F
:10A1A0007BF1000B24BF624639464EEB0E0E51EA9E
:10A1B000020718BF46F0010616EB0E7655F10002B5
:10A1C00054F1000103D5BDE88901BDE80088BDE870
:10A1D0008901BDE80048B619524141EB0101A3F1E4
:10A1E0000103704780807F7E7D7C7B7A79787776EB
:10A1F00076757473727171706F6E6E6D6C6C6B6A64
:10A200006A69686867666665646463636261616001
:10A21000605F5F5E5E5D5D5C5C5B5B5A5A5959587E
:10A2200058575756565555555454535352525251E8
:10A23000515050504F4F4F4E4E4D4D4D4C4C4C4B3E
:10A240004B4B4A4A4A494949484848474747474685
:10A2500046464545454444444443434343424242C1
:10A26000424141419C46002B30D477002BD04FEA2D
:10A2700037071CB503B44FF010004FF01001BAF1CE
:10A28000000F06D0BCF1000FDCBF40F0080040F02A
:10A2900008014FF000000FBCBDE810400BF1010BAE
:10A2A000BBF1010F08BF5FEA170722BF12F10102DD
:10A2B00011F101014FF0004143F1000300F00040B3
:10A2C00043EA00007047F9D35708D0E746EA06464C
:10A2D0004FEA164613F1400F1FDD13F1200FDFBFC9
:10A2E00016430A46002120335B42BED0C3F120074B
:10A2F00046EA06464FEA164602FA07F746EA070616
:10A3000022FA03F2C3F1200701FA07F742EA070233
:10A3100021FA03F14FF00003A7E746EA020646EAF6
:10A3200006464FEA164646EA0106BCBF46EA06461E
:10A33000360C4FF000034FF000024FF0000194E79D
:10A340002DE9804C70B49A46934691E8380007C8CE
:10A3500031EA400C48BF34EA430C03D5FFF7E6FD71
:10A36000FFF780FFF0BCBDE8008C2DE9804C70B495
:10A370009A46934691E8380007C810F0804F08BF0E
:10A3800013F0804F03D100F005F8FFF76BFFF0BC2E
:10A39000BDE8008C20F07F4723F07F4C80EA03006B
:10A3A00000F0004007EB0C03A3F57C53A3F1FE0380
:10A3B00092F0000F00F0B38095F0000F00F077806E
:10A3C0002DE901494FEA114021EA00484FEA1446BD
:10A3D00024EA064700FB06FC08FB06F607FB08F824
:10A3E00018EB06484CEB164C00FB07F718EB074838
:10A3F0004CEB17404FEA124B22EA0B4E4FEA154640
:10A4000025EA06470BFB06FC0EFB06F607FB0EFED5
:10A410001EEB064E4CEB164C0BFB07F71EEB074EE4
:10A420004CEB174B18EB0B0840F1000018EB0E0B30
:10A4300058EB000840F100008F1A4FF000014FF078
:10A4400000063CBFC943661B14BFB5EB040C0021DA
:10A450003CBFC943F61B4FEA174427EA04454FEABD
:10A460001C472CEA074C04FB076205FB07F70CFBB3
:10A4700005F616EB074642EB174204FB0CFC16EB05
:10A480000C4642EB1C421BEB060658EB0202414114
:10A490004EEA8E0E46EA9E0601D5BDE80189B61940
:10A4A000524141EB0101A3F10103BDE801894FEAEB
:10A4B000144524EA05464FEA114721EA074C05FBFB
:10A4C00007F406FB07F70CFB06F111EB074144EB21
:10A4D000174405FB0CFC11EB0C4144EB1C444FEA08
:10A4E000124722EA074C05FB07F206FB07F70CFBB5
:10A4F00006F616EB074642EB174205FB0CFC16EB83
:10A500000C4642EB1C456A1854F1000148BF7047E5
:10A51000B619524141EB0101A3F10103704795F0D7
:10A52000000F37D04FEA114221EA02464FEA1447A2
:10A5300024EA074C02FB07F106FB07F70CFB06F4C5
:10A5400014EB074441EB174102FB0CFC14EB0C44E9
:10A5500041EB1C414FEA154725EA074C02FB07F582
:10A5600006FB07F70CFB06F616EB074645EB17450F
:10A5700002FB0CFC16EB0C4645EB1C42121951F188
:10A58000000148BF7047B619524141EB0101A3F1E8
:10A59000010370474FEA144524EA05464FEA114784
:10A5A00021EA074C05FB07F106FB07F70CFB06F257
:10A5B00012EB074241EB174105FB0CFC12EB0C427E
:10A5C00051EB1C414FF0000648BF7047921841EB19
:10A5D0000101A3F10103704703B401984100009801
:10A5E00050EAC12018BF04204A0D18BF40F00100F6
:10A5F00040F2FF72B2EB515F08BF40F00200012849
:10A6000008BF052002B070474100080218BF0420AF
:10A610000A0E18BF40F001004FF07F4232EA0101FC
:10A6200008BF40F00200012808BF05207047000065
:10A6300010B510EE104A4FF01A402DED028B00EBD2
:10A640004400B0F1C85F4AD84FF0FC40B0EB440F73
:10A6500022D2B0EEC00AF7EE000A30EEC00AF6EEE3
:10A66000000A20EE208A18EE100A00F0BCFA00EE74
:10A67000100A14F0004F1DBF9FED281ADFED280AC5
:10A68000B1EE400A9FED271A08BFF0EE410AF8EE3E
:10A69000001A20EE210A05E020EE008A9FED221A22
:10A6A000DFED220ADFED221A9FED222A70EEC00AAA
:10A6B00020EE080A08EE212ADFED1F1A48EE021AE2
:10A6C0009FED1E2A08EE212ADFED1D1A48EE021A20
:10A6D000BDEC028B40EE610A30EE810A10BD4FF0F6
:10A6E000CC40B0EB440F82BF9FED160ABDEC028B4D
:10A6F00010BD4FF07F40B0EB440F05D2BDEC028B94
:10A70000BDE8104000F043BA0120F6F70EF8BDECAA
:10A71000028BBDE8104000F041BA00000000494043
:10A7200022AA7D3A000000000000C93F22AAFD399C
:10A7300024FE1C3DC78AD83C1E67383D1B93993DBB
:10A74000AFAA2A3EDB0FC93F70B54FF068422DED2E
:10A75000048BF0EE408A18EE900AB0EE608A18EE94
:10A76000101A02EB4003B3F1654F3CBF02EB41020C
:10A77000B2F1654F7DD200BFC0F3C753C1F3C752DA
:10A780009A1A1B2A09DD10F0004F14BF9FED830AAF
:10A790009FED830ABDEC048B70BD12F11A0F36DAFF
:10A7A00011F0004F09D010F0004F0CBF9FED7D0A53
:10A7B0009FED7D0ABDEC048B70BD88EE889A19EE82
:10A7C000100AFFF721FF042808BF00F0EFF918EE88
:10A7D000900AFFF719FF054618EE100AFFF714FF5D
:10A7E000044619EE100AFFF70FFF042D18BF052DC0
:10A7F00008D1042C18BF052C04D1002804BF022066
:10A80000F5F793FFB0EE490ABDEC048B70BD420032
:10A81000B2EB410F3AD910F0004F19BFDFED630AD8
:10A820009FED630ADFED630A9FED630AB0EE481AFD
:10A830000A46B1EE688A80F00041F0EE418A104687
:10A840000A1A5200B2F1807F34D2484010F0004F13
:10A85000DFED5A1A9FED5A2A1DBFBEEE001A70EEA8
:10A86000E10A30EE420AB6EE001A08BF70EEA10A05
:10A8700000E040E008BF30EE020AB0EE682A01EEC8
:10A88000482A08EE818AC2EE081A15E011F0004F3E
:10A8900004BF9FED4C0AF0EE400AD1D010F0004FFB
:10A8A00019BFDFED490A9FED490ADFED490A9FED27
:10A8B000490AC5E7C8EE881A21EEA11A9FED462A7B
:10A8C000DFED462A41EE022A9FED452A01EE222ABB
:10A8D000DFED442A41EE022A9FED432ABDEC048BB2
:10A8E00001EE222A21EE811A01EE020A30EE210A3F
:10A8F00030EE200A70BD4FF07F42B2EB400F28BF10
:10A90000B2EB410F09D2F0EE480AB0EE680ABDEC96
:10A91000048BBDE8704000F03DB940EA01035B00E4
:10A9200008BF41F0FF410BD0B2EB400F08BFB2EBC4
:10A93000410F08D120F0804008EE900A21F08041BC
:10A9400008EE101A18E7B2EB400F12BF5FEA41039E
:10A9500040F0FF4001F000413FF40EAFB2EB410F79
:10A9600012BF5FEA400200F0004041F0FF413FF4B7
:10A9700003AF4A0092EA40033FF5FEAE002AACBFA7
:10A980009FED1A0A9FED1A0A68EE808A28EE008A67
:10A9900018EE900A18EE101AEEE60000DB0FC9BFA1
:10A9A000DB0FC93FDB0F4940DB0F49C00000C9BFC7
:10A9B00022AAFDB90000C93F22AAFD390060ED3E80
:10A9C000C30ACE3700000000000049C022AA7DBAA9
:10A9D0000000494022AA7D3A2DAD65BD8FB8D53D16
:10A9E0000FB511BE61C84C3EA8AAAABE0000804F98
:10A9F0000000802F10B54FF00E412DED028BB0EE10
:10AA0000408A18EE100A01EB4001B1F1145F5CD2EC
:10AA10004FF0FE41B1EB400F24BF9FED400AF0EE36
:10AA2000400A12D210F0004F19BFDFED3D0A9FED32
:10AA30003D0ADFED3D0A9FED3D0AFFEE001A81EE73
:10AA4000881AB0EE418A18EE100A4FF0FC41B1EBC3
:10AA5000400F1BD210F0004FDFED351A9FED352A65
:10AA60001DBFBEEE001A70EEE10A30EE420AB6EEED
:10AA7000001A04BF70EEA10A30EE020A38EE412A35
:10AA8000F7EE001A48EE011A82EE218ADFED2A1A4B
:10AA90009FED2A2A28EE081A01EE212ADFED281A56
:10AAA00041EE021A9FED272A01EE212ADFED261A38
:10AAB00041EE021A28EE011A01EE210A30EE080AD0
:10AAC000BDEC028B30EE200A10BD4FF0E441B1EB3B
:10AAD000400F0CD918EE100AFFF796FD042808BFA6
:10AAE00000F064F8B0EE480ABDEC028B10BD4FF0E8
:10AAF0007F41B1EB400F07D2B0EE480ABDEC028BAC
:10AB0000BDE8104000F043B810F0004F14BF9FEDB7
:10AB10000F0A9FED0F0ABDEC028B10BD0000000074
:10AB20000000C9BF22AAFDB90000C93F22AAFD3911
:10AB30000060ED3EC30ACE372DAD65BD8FB8D53D63
:10AB40000FB511BE61C84C3EA8AAAABEDB0FC9BF93
:10AB5000DB0FC93F10B52DED028BB1EEC08A18EEA8
:10AB6000100A20F00040C0F1FF40C00F0AD010EEE4
:10AB7000100A20F00040C0F1FF40C00F04BF0120C8
:10AB8000F5F7D3FDB0EE480ABDEC028B10BD30EEF8
:10AB9000000A704730EE200A70470000DFED020A1D
:10ABA00080EEA00A70470000000000009FED020A3E
:10ABB00020EE000A704700000000001030380A281C
:10ABC00001D201207047002070478A68002A02DC09
:10ABD0000022F6F7C9BE521E8A604A68C0B2531CF2
:10ABE0004B601070704710B500EE100A2DED028B0F
:10ABF000B1EEC08A18EE100A20F00040C0F1FF400C
:10AC0000C00F0AD010EE100A20F00040C0F1FF4043
:10AC1000C00F04BF0120F5F788FD18EE100ABDEC47
:10AC2000028B10BD10B500290AD00878002807D083
:10AC300005487844F7F7F0F9002801D0002010BD4E
:10AC40000248784410BD00008E0400008604000015
:10AC500010B500290AD00878002807D005487844A4
:10AC6000F7F7DAF9002801D0002010BD0248784437
:10AC700010BD00007E040000760400000808A0F566
:10AC800000114FEA3101704743004FEAD30C4FEAFD
:10AC90003C0C43401FBF40070CF1605113F0FE4FC6
:10ACA00070471CF0006F03D10CF00041002070478A
:10ACB0000CF0004343EA507040EACC0010B500F0BD
:10ACC0000EF800BF000000924FEA0001FFF7D6BF68
:10ACD0004FF00041A1F500214FF0000070470EF148
:10ACE000020E2EF0030E5EF8044B244204D44FEA09
:10ACF0004102B2F17F4F11D84FEA4003B3F17F4FC9
:10AD00000CD80ED14FEAD07C0CEB4C0C0CF1020CA1
:10AD1000B2F17F4F08BF4CEBD17C04E04FF0080C40
:10AD200001E04FEAD17C0CEB4C0324FA03F404F06D
:10AD30000704B4F1040C06D20EEB840CBDE81040FD
:10AD40004CF0010C6047DFE80CF0070802024FF0FE
:10AD50000040A0F5800010BD0846420018BFD2F1A7
:10AD6000807288BF00F0004010BDF1EE100A4FF66F
:10AD7000FF71C0F2C03120EA010040F04070E1EE06
:10AD8000100A7047F6F748B9F6F77CBA00000000E1
:10AD90000000000030313233343536373839414223
:10ADA000434445464030580030313233343536372D
:10ADB00038396162636465664030780004000008D9
:10ADC00000000000000000020001000010303132DD
:10ADD00033343536373839616263646566787000BC
:10ADE00030313233343536373839414243444546C1
:10ADF0005850003A7474003A7474003A7474000045
:10AE000002400000000000A000000000054000001B
:10AE1000000000C8000000000C4000000000409C42
:10AE200000000000194000000020BCBE000000002F
:10AE300034400000BFC91B8E00000004B540000074
:10AE4000504BCFD06607E2CF010000006C410000FC
:10AE50003E8251AADFEEA73401000000D942000073
:10AE6000DCB5A0E23A301F97FFFFFFFFB4450000BA
:10AE7000FD25A0C8E9A3C14FFFFFFFFFFF3F000072
:10AE80000000008000000000FF3F00000000008084
:10AE90000000000005AF0008E567000800000000A2
:10AEA0000000000080000000000000000000000022
:10AEB000000000000000000001020304060708096A
:10AEC0000000000001020304000610160006101620
:10AED0004F6E6D61696E5F5461736B0072656D6F6B
:10AEE00074655F636F6E746F726C00536572766F1A
:10AEF000315F4D6F746F7200536572766F325F4DC4
:10AF00006F746F720064656661756C745461736B05
:10AF1000005B4D6F746F72546573745D20E28692AE
:10AF200020484F4C442028252E316641290D0A0027
:10AF30005B4D6F746F72546573745D20E28692206E
:10AF400052414D505F5550202830E28692252E31D7
:10AF500066412C2025646D73290D0A005B4D6F74CA
:10AF60006F72546573745D20E2869220444F4E45A3
:10AF70002028E794B5E69CBAE5819C290D0A005B80
:10AF80004D6F746F72546573745D20E28692204930
:10AF9000444C452028E4B88BE4B880E8BDAE290DC8
:10AFA0000A005B4D6F746F72546573745D2043418A
:10AFB0004E3120314D6270732C20E591BDE4BBA46D
:10AFC000E5B8A72030783230302C20E58F8DE9A607
:10AFD000882030783230312C20E794B5E6B581E90D
:10AFE000878FE7A88B20C2B13130410D0A005B4D3D
:10AFF0006F746F72546573745D2070686173653D22
:10B000002564207C20E8A792E5BAA63D2564282582
:10B010002E3166C2B02920E8BDACE9809F3D256491
:10B0200052504D20E794B5E6B5817261773D2564B5
:10B03000207C20E591BDE4BBA4252E3266410D0A9B
:10B04000005B4D6F746F72546573745D20E286927D
:10B050002052414D505F444F574E0D0A000D0A5B80
:10B060004D6F746F72546573745D20433631302FA9
:10B070004D3230303620E58D95E794B5E69CBAE642
:10B08000B58BE8AF95E590AFE58AA80D0A004D6F46
:10B09000746F72546573740049444C45000000009D
:10B0A000F0B100080000002030000000100200088D
:10B0B00020B2000830000020485D00003002000887
:10B0C0001C00000043000000F8FFFFFF0C00000020
:10B0D0000E0000000F0000002E0000001001000014
:10B0E00043000000F8FFFFFF004040404040404068
:10B0F000404041414141414040404040404040404B
:10B1000040404040404040404005020202020202EE
:10B11000020202020202020202202020202020203D
:10B120002020200202020202020290909090909051
:10B13000101010101010101010101010101010100F
:10B140001010101002020202020288888888888883
:10B15000080808080808080808080808080808086F
:10B160000808080802020202400000000000000077
:10B1700000000000000000000000000000000000CF
:10B1800000000000000000000000000000000000BF
:10B1900000000000000000000000000000000000AF
:10B1A000000000000000000000000000000000009F
:10B1B000000000000000000000000000000000008F
:10B1C000000000000000000000000000000000007F
:10B1D000000000000000000000000000000000006F
:10B1E00000000000000000000000000081C5FFFF1B
:10B1F0000000000000000000000000000E00000041
:10B2000000007041000084410024F40000009643D7
:10B210000100000010000000AAAAAAAA0000000075
:04000005080001AD41
:00000001FF
